brand,name,type,texture,protein,ingredients,moisture_pct,kcal_per_100g,price_tier,tags,magnesium_mg_per_100kcal,phosphorus_pct_dm,sodium_pct_dm,treat_kcal_per_piece,category,country,product_url
로열캐닌,로열캐닌 스킨/헤어 닭 습식/파우치,사료,습식/파우치,닭,치킨;현미,71,80,프리미엄,,15,0.84,0.27,,Indoor,프랑스,https://example.com/%EB%A1%9C%EC%97%B4%EC%BA%90%EB%8B%8C_%EC%8A%A4%ED%82%A8/%ED%97%A4%EC%96%B4_%EB%8B%AD_%EC%8A%B5%EC%8B%9D/%ED%8C%8C%EC%9A%B0%EC%B9%98
로열캐닌,로열캐닌 키튼 닭 드라이,사료,드라이,닭,치킨;현미,10,400,저가,키튼,20,0.82,0.35,,Natural,프랑스,https://example.com/%EB%A1%9C%EC%97%B4%EC%BA%90%EB%8B%8C_%ED%82%A4%ED%8A%BC_%EB%8B%AD_%EB%93%9C%EB%9D%BC%EC%9D%B4
로열캐닌,로열캐닌 키튼 어류 드라이,사료,드라이,어류,연어;참치,10,391,저가,키튼,15,0.75,0.43,,Grain-Free,프랑스,https://example.com/%EB%A1%9C%EC%97%B4%EC%BA%90%EB%8B%8C_%ED%82%A4%ED%8A%BC_%EC%96%B4%EB%A5%98_%EB%93%9C%EB%9D%BC%EC%9D%B4
로열캐닌,로열캐닌 유리너리 S/O 닭 습식/파우치,사료,습식/파우치,닭,치킨;현미,80,99,저가,요로기계,23,0.79,0.3,,High Protein,프랑스,https://example.com/%EB%A1%9C%EC%97%B4%EC%BA%90%EB%8B%8C_%EC%9C%A0%EB%A6%AC%EB%84%88%EB%A6%AC%20S/O_%EB%8B%AD_%EC%8A%B5%EC%8B%9D/%ED%8C%8C%EC%9A%B0%EC%B9%98
로열캐닌,로열캐닌 유리너리 S/O 오리 습식/파우치,사료,습식/파우치,오리,오리;완두,75,107,중간,요로기계,18,0.83,0.29,,High Protein,프랑스,https://example.com/%EB%A1%9C%EC%97%B4%EC%BA%90%EB%8B%8C_%EC%9C%A0%EB%A6%AC%EB%84%88%EB%A6%AC%20S/O_%EC%98%A4%EB%A6%AC_%EC%8A%B5%EC%8B%9D/%ED%8C%8C%EC%9A%B0%EC%B9%98
로열캐닌,로열캐닌 체중 관리 양 드라이,사료,드라이,양,양고기;현미,10,309,저가,체중 관리,20,0.57,0.34,,Natural,프랑스,https://example.com/%EB%A1%9C%EC%97%B4%EC%BA%90%EB%8B%8C_%EC%B2%B4%EC%A4%91%20%EA%B4%80%EB%A6%AC_%EC%96%91_%EB%93%9C%EB%9D%BC%EC%9D%B4
로열캐닌,로열캐닌 키튼 닭 드라이,사료,드라이,닭,치킨;현미,10,375,중간,키튼,17,0.54,0.29,,Prescription,프랑스,https://example.com/%EB%A1%9C%EC%97%B4%EC%BA%90%EB%8B%8C_%ED%82%A4%ED%8A%BC_%EB%8B%AD_%EB%93%9C%EB%9D%BC%EC%9D%B4
로열캐닌,로열캐닌 시니어 양 드라이,사료,드라이,양,양고기;현미,10,318,프리미엄,시니어,19,0.73,0.33,,Prescription,프랑스,https://example.com/%EB%A1%9C%EC%97%B4%EC%BA%90%EB%8B%8C_%EC%8B%9C%EB%8B%88%EC%96%B4_%EC%96%91_%EB%93%9C%EB%9D%BC%EC%9D%B4
로열캐닌,로열캐닌 키튼 어류 습식/파우치,사료,습식/파우치,어류,연어;참치,72,89,중간,키튼,15,0.78,0.4,,Natural,프랑스,https://example.com/%EB%A1%9C%EC%97%B4%EC%BA%90%EB%8B%8C_%ED%82%A4%ED%8A%BC_%EC%96%B4%EB%A5%98_%EC%8A%B5%EC%8B%9D/%ED%8C%8C%EC%9A%B0%EC%B9%98
로열캐닌,로열캐닌 시니어 오리 습식/파우치,사료,습식/파우치,오리,오리;완두,82,81,중간,시니어,24,0.94,0.34,,High Protein,프랑스,https://example.com/%EB%A1%9C%EC%97%B4%EC%BA%90%EB%8B%8C_%EC%8B%9C%EB%8B%88%EC%96%B4_%EC%98%A4%EB%A6%AC_%EC%8A%B5%EC%8B%9D/%ED%8C%8C%EC%9A%B0%EC%B9%98
로열캐닌,로열캐닌 스킨/헤어 소 습식/파우치,사료,습식/파우치,소,소고기;쌀,71,88,저가,,21,0.72,0.27,,High Protein,프랑스,https://example.com/%EB%A1%9C%EC%97%B4%EC%BA%90%EB%8B%8C_%EC%8A%A4%ED%82%A8/%ED%97%A4%EC%96%B4_%EC%86%8C_%EC%8A%B5%EC%8B%9D/%ED%8C%8C%EC%9A%B0%EC%B9%98
로열캐닌,로열캐닌 유리너리 S/O 오리 습식/파우치,사료,습식/파우치,오리,오리;완두,80,106,중간,요로기계,25,0.6,0.27,,Grain-Free,프랑스,https://example.com/%EB%A1%9C%EC%97%B4%EC%BA%90%EB%8B%8C_%EC%9C%A0%EB%A6%AC%EB%84%88%EB%A6%AC%20S/O_%EC%98%A4%EB%A6%AC_%EC%8A%B5%EC%8B%9D/%ED%8C%8C%EC%9A%B0%EC%B9%98
로열캐닌,로열캐닌 헤어볼 케어 어류 습식/파우치,사료,습식/파우치,어류,연어;참치,81,107,중간,헤어볼,22,0.86,0.27,,Grain-Free,프랑스,https://example.com/%EB%A1%9C%EC%97%B4%EC%BA%90%EB%8B%8C_%ED%97%A4%EC%96%B4%EB%B3%BC%20%EC%BC%80%EC%96%B4_%EC%96%B4%EB%A5%98_%EC%8A%B5%EC%8B%9D/%ED%8C%8C%EC%9A%B0%EC%B9%98
로열캐닌,로열캐닌 유리너리 S/O 닭 습식/파우치,사료,습식/파우치,닭,치킨;현미,78,87,저가,요로기계,20,0.65,0.34,,High Protein,프랑스,https://example.com/%EB%A1%9C%EC%97%B4%EC%BA%90%EB%8B%8C_%EC%9C%A0%EB%A6%AC%EB%84%88%EB%A6%AC%20S/O_%EB%8B%AD_%EC%8A%B5%EC%8B%9D/%ED%8C%8C%EC%9A%B0%EC%B9%98
로열캐닌,로열캐닌 시니어 칠면조 드라이,사료,드라이,칠면조,칠면조;감자,10,354,저가,시니어,16,0.7,0.39,,Natural,프랑스,https://example.com/%EB%A1%9C%EC%97%B4%EC%BA%90%EB%8B%8C_%EC%8B%9C%EB%8B%88%EC%96%B4_%EC%B9%A0%EB%A9%B4%EC%A1%B0_%EB%93%9C%EB%9D%BC%EC%9D%B4
로열캐닌,로열캐닌 헤어볼 케어 소 드라이,사료,드라이,소,소고기;쌀,10,419,저가,헤어볼,23,0.94,0.33,,High Protein,프랑스,https://example.com/%EB%A1%9C%EC%97%B4%EC%BA%90%EB%8B%8C_%ED%97%A4%EC%96%B4%EB%B3%BC%20%EC%BC%80%EC%96%B4_%EC%86%8C_%EB%93%9C%EB%9D%BC%EC%9D%B4
로열캐닌,로열캐닌 키튼 닭 습식/파우치,사료,습식/파우치,닭,치킨;현미,75,106,프리미엄,키튼,17,0.75,0.4,,High Protein,프랑스,https://example.com/%EB%A1%9C%EC%97%B4%EC%BA%90%EB%8B%8C_%ED%82%A4%ED%8A%BC_%EB%8B%AD_%EC%8A%B5%EC%8B%9D/%ED%8C%8C%EC%9A%B0%EC%B9%98
로열캐닌,로열캐닌 인도어 어류 습식/파우치,사료,습식/파우치,어류,연어;참치,70,84,프리미엄,실내용,17,0.96,0.42,,Prescription,프랑스,https://example.com/%EB%A1%9C%EC%97%B4%EC%BA%90%EB%8B%8C_%EC%9D%B8%EB%8F%84%EC%96%B4_%EC%96%B4%EB%A5%98_%EC%8A%B5%EC%8B%9D/%ED%8C%8C%EC%9A%B0%EC%B9%98
인스팅트,인스팅트 로우부스트 닭 드라이,사료,드라이,닭,치킨;현미,10,385,프리미엄,,15,0.82,0.4,,Grain-Free,미국,https://example.com/%EC%9D%B8%EC%8A%A4%ED%8C%85%ED%8A%B8_%EB%A1%9C%EC%9A%B0%EB%B6%80%EC%8A%A4%ED%8A%B8_%EB%8B%AD_%EB%93%9C%EB%9D%BC%EC%9D%B4
인스팅트,인스팅트 리미티드 인그리디언트 오리 드라이,사료,드라이,오리,오리;완두,10,350,프리미엄,,20,0.6,0.41,,Natural,미국,https://example.com/%EC%9D%B8%EC%8A%A4%ED%8C%85%ED%8A%B8_%EB%A6%AC%EB%AF%B8%ED%8B%B0%EB%93%9C%20%EC%9D%B8%EA%B7%B8%EB%A6%AC%EB%94%94%EC%96%B8%ED%8A%B8_%EC%98%A4%EB%A6%AC_%EB%93%9C%EB%9D%BC%EC%9D%B4
인스팅트,인스팅트 로우부스트 오리 습식/파우치,사료,습식/파우치,오리,오리;완두,80,90,프리미엄,,17,0.92,0.27,,Indoor,미국,https://example.com/%EC%9D%B8%EC%8A%A4%ED%8C%85%ED%8A%B8_%EB%A1%9C%EC%9A%B0%EB%B6%80%EC%8A%A4%ED%8A%B8_%EC%98%A4%EB%A6%AC_%EC%8A%B5%EC%8B%9D/%ED%8C%8C%EC%9A%B0%EC%B9%98
인스팅트,인스팅트 로우부스트 오리 습식/파우치,사료,습식/파우치,오리,오리;완두,79,107,중간,,23,0.56,0.33,,Grain-Free,미국,https://example.com/%EC%9D%B8%EC%8A%A4%ED%8C%85%ED%8A%B8_%EB%A1%9C%EC%9A%B0%EB%B6%80%EC%8A%A4%ED%8A%B8_%EC%98%A4%EB%A6%AC_%EC%8A%B5%EC%8B%9D/%ED%8C%8C%EC%9A%B0%EC%B9%98
인스팅트,인스팅트 로우부스트 닭 습식/파우치,사료,습식/파우치,닭,치킨;현미,77,91,저가,,22,0.58,0.31,,Prescription,미국,https://example.com/%EC%9D%B8%EC%8A%A4%ED%8C%85%ED%8A%B8_%EB%A1%9C%EC%9A%B0%EB%B6%80%EC%8A%A4%ED%8A%B8_%EB%8B%AD_%EC%8A%B5%EC%8B%9D/%ED%8C%8C%EC%9A%B0%EC%B9%98
인스팅트,인스팅트 그레인프리 소 습식/파우치,사료,습식/파우치,소,소고기;쌀,80,93,중간,,17,0.7,0.35,,Indoor,미국,https://example.com/%EC%9D%B8%EC%8A%A4%ED%8C%85%ED%8A%B8_%EA%B7%B8%EB%A0%88%EC%9D%B8%ED%94%84%EB%A6%AC_%EC%86%8C_%EC%8A%B5%EC%8B%9D/%ED%8C%8C%EC%9A%B0%EC%B9%98
인스팅트,인스팅트 로우부스트 어류 습식/파우치,사료,습식/파우치,어류,연어;참치,78,85,프리미엄,,22,0.9,0.34,,Prescription,미국,https://example.com/%EC%9D%B8%EC%8A%A4%ED%8C%85%ED%8A%B8_%EB%A1%9C%EC%9A%B0%EB%B6%80%EC%8A%A4%ED%8A%B8_%EC%96%B4%EB%A5%98_%EC%8A%B5%EC%8B%9D/%ED%8C%8C%EC%9A%B0%EC%B9%98
인스팅트,인스팅트 그레인프리 닭 드라이,사료,드라이,닭,치킨;현미,10,346,중간,,16,0.96,0.43,,High Protein,미국,https://example.com/%EC%9D%B8%EC%8A%A4%ED%8C%85%ED%8A%B8_%EA%B7%B8%EB%A0%88%EC%9D%B8%ED%94%84%EB%A6%AC_%EB%8B%AD_%EB%93%9C%EB%9D%BC%EC%9D%B4
인스팅트,인스팅트 로우부스트 소 습식/파우치,사료,습식/파우치,소,소고기;쌀,80,89,프리미엄,,24,0.67,0.44,,Indoor,미국,https://example.com/%EC%9D%B8%EC%8A%A4%ED%8C%85%ED%8A%B8_%EB%A1%9C%EC%9A%B0%EB%B6%80%EC%8A%A4%ED%8A%B8_%EC%86%8C_%EC%8A%B5%EC%8B%9D/%ED%8C%8C%EC%9A%B0%EC%B9%98
인스팅트,인스팅트 리미티드 인그리디언트 닭 습식/파우치,사료,습식/파우치,닭,치킨;현미,81,97,프리미엄,,18,0.67,0.32,,Indoor,미국,https://example.com/%EC%9D%B8%EC%8A%A4%ED%8C%85%ED%8A%B8_%EB%A6%AC%EB%AF%B8%ED%8B%B0%EB%93%9C%20%EC%9D%B8%EA%B7%B8%EB%A6%AC%EB%94%94%EC%96%B8%ED%8A%B8_%EB%8B%AD_%EC%8A%B5%EC%8B%9D/%ED%8C%8C%EC%9A%B0%EC%B9%98
인스팅트,인스팅트 그레인프리 닭 습식/파우치,사료,습식/파우치,닭,치킨;현미,78,104,프리미엄,,24,0.77,0.41,,Indoor,미국,https://example.com/%EC%9D%B8%EC%8A%A4%ED%8C%85%ED%8A%B8_%EA%B7%B8%EB%A0%88%EC%9D%B8%ED%94%84%EB%A6%AC_%EB%8B%AD_%EC%8A%B5%EC%8B%9D/%ED%8C%8C%EC%9A%B0%EC%B9%98
인스팅트,인스팅트 로우부스트 닭 드라이,사료,드라이,닭,치킨;현미,10,350,저가,,25,1.0,0.44,,Grain-Free,미국,https://example.com/%EC%9D%B8%EC%8A%A4%ED%8C%85%ED%8A%B8_%EB%A1%9C%EC%9A%B0%EB%B6%80%EC%8A%A4%ED%8A%B8_%EB%8B%AD_%EB%93%9C%EB%9D%BC%EC%9D%B4
인스팅트,인스팅트 로우부스트 오리 습식/파우치,사료,습식/파우치,오리,오리;완두,78,109,저가,,19,0.63,0.35,,High Protein,미국,https://example.com/%EC%9D%B8%EC%8A%A4%ED%8C%85%ED%8A%B8_%EB%A1%9C%EC%9A%B0%EB%B6%80%EC%8A%A4%ED%8A%B8_%EC%98%A4%EB%A6%AC_%EC%8A%B5%EC%8B%9D/%ED%8C%8C%EC%9A%B0%EC%B9%98
인스팅트,인스팅트 리미티드 인그리디언트 양 습식/파우치,사료,습식/파우치,양,양고기;현미,80,82,저가,,25,0.79,0.42,,Grain-Free,미국,https://example.com/%EC%9D%B8%EC%8A%A4%ED%8C%85%ED%8A%B8_%EB%A6%AC%EB%AF%B8%ED%8B%B0%EB%93%9C%20%EC%9D%B8%EA%B7%B8%EB%A6%AC%EB%94%94%EC%96%B8%ED%8A%B8_%EC%96%91_%EC%8A%B5%EC%8B%9D/%ED%8C%8C%EC%9A%B0%EC%B9%98
인스팅트,인스팅트 리미티드 인그리디언트 오리 습식/파우치,사료,습식/파우치,오리,오리;완두,80,101,저가,,23,0.81,0.26,,High Protein,미국,https://example.com/%EC%9D%B8%EC%8A%A4%ED%8C%85%ED%8A%B8_%EB%A6%AC%EB%AF%B8%ED%8B%B0%EB%93%9C%20%EC%9D%B8%EA%B7%B8%EB%A6%AC%EB%94%94%EC%96%B8%ED%8A%B8_%EC%98%A4%EB%A6%AC_%EC%8A%B5%EC%8B%9D/%ED%8C%8C%EC%9A%B0%EC%B9%98
인스팅트,인스팅트 리미티드 인그리디언트 양 드라이,사료,드라이,양,양고기;현미,10,396,프리미엄,,21,0.93,0.32,,High Protein,미국,https://example.com/%EC%9D%B8%EC%8A%A4%ED%8C%85%ED%8A%B8_%EB%A6%AC%EB%AF%B8%ED%8B%B0%EB%93%9C%20%EC%9D%B8%EA%B7%B8%EB%A6%AC%EB%94%94%EC%96%B8%ED%8A%B8_%EC%96%91_%EB%93%9C%EB%9D%BC%EC%9D%B4
인스팅트,인스팅트 그레인프리 소 드라이,사료,드라이,소,소고기;쌀,10,308,중간,,25,0.7,0.26,,High Protein,미국,https://example.com/%EC%9D%B8%EC%8A%A4%ED%8C%85%ED%8A%B8_%EA%B7%B8%EB%A0%88%EC%9D%B8%ED%94%84%EB%A6%AC_%EC%86%8C_%EB%93%9C%EB%9D%BC%EC%9D%B4
인스팅트,인스팅트 오리지널 어류 습식/파우치,사료,습식/파우치,어류,연어;참치,82,99,저가,,20,0.97,0.35,,Natural,미국,https://example.com/%EC%9D%B8%EC%8A%A4%ED%8C%85%ED%8A%B8_%EC%98%A4%EB%A6%AC%EC%A7%80%EB%84%90_%EC%96%B4%EB%A5%98_%EC%8A%B5%EC%8B%9D/%ED%8C%8C%EC%9A%B0%EC%B9%98
내추럴발란스,내추럴발란스 울트라 프리미엄 닭 습식/파우치,사료,습식/파우치,닭,치킨;현미,77,80,저가,,19,0.71,0.32,,Natural,미국,https://example.com/%EB%82%B4%EC%B6%94%EB%9F%B4%EB%B0%9C%EB%9E%80%EC%8A%A4_%EC%9A%B8%ED%8A%B8%EB%9D%BC%20%ED%94%84%EB%A6%AC%EB%AF%B8%EC%97%84_%EB%8B%AD_%EC%8A%B5%EC%8B%9D/%ED%8C%8C%EC%9A%B0%EC%B9%98
내추럴발란스,내추럴발란스 울트라 프리미엄 칠면조 드라이,사료,드라이,칠면조,칠면조;감자,10,401,저가,,20,0.8,0.33,,Prescription,미국,https://example.com/%EB%82%B4%EC%B6%94%EB%9F%B4%EB%B0%9C%EB%9E%80%EC%8A%A4_%EC%9A%B8%ED%8A%B8%EB%9D%BC%20%ED%94%84%EB%A6%AC%EB%AF%B8%EC%97%84_%EC%B9%A0%EB%A9%B4%EC%A1%B0_%EB%93%9C%EB%9D%BC%EC%9D%B4
내추럴발란스,내추럴발란스 울트라 프리미엄 어류 드라이,사료,드라이,어류,연어;참치,10,399,저가,,24,0.81,0.4,,High Protein,미국,https://example.com/%EB%82%B4%EC%B6%94%EB%9F%B4%EB%B0%9C%EB%9E%80%EC%8A%A4_%EC%9A%B8%ED%8A%B8%EB%9D%BC%20%ED%94%84%EB%A6%AC%EB%AF%B8%EC%97%84_%EC%96%B4%EB%A5%98_%EB%93%9C%EB%9D%BC%EC%9D%B4
내추럴발란스,내추럴발란스 LID 덕앤그린피 칠면조 습식/파우치,사료,습식/파우치,칠면조,칠면조;감자,70,103,프리미엄,소화 민감성,22,0.68,0.4,,Indoor,미국,https://example.com/%EB%82%B4%EC%B6%94%EB%9F%B4%EB%B0%9C%EB%9E%80%EC%8A%A4_LID%20%EB%8D%95%EC%95%A4%EA%B7%B8%EB%A6%B0%ED%94%BC_%EC%B9%A0%EB%A9%B4%EC%A1%B0_%EC%8A%B5%EC%8B%9D/%ED%8C%8C%EC%9A%B0%EC%B9%98
내추럴발란스,내추럴발란스 피쉬앤포테이토 소 습식/파우치,사료,습식/파우치,소,소고기;쌀,74,87,저가,,20,0.79,0.3,,High Protein,미국,https://example.com/%EB%82%B4%EC%B6%94%EB%9F%B4%EB%B0%9C%EB%9E%80%EC%8A%A4_%ED%94%BC%EC%89%AC%EC%95%A4%ED%8F%AC%ED%85%8C%EC%9D%B4%ED%86%A0_%EC%86%8C_%EC%8A%B5%EC%8B%9D/%ED%8C%8C%EC%9A%B0%EC%B9%98
내추럴발란스,내추럴발란스 울트라 프리미엄 어류 드라이,사료,드라이,어류,연어;참치,10,368,프리미엄,,24,0.68,0.29,,Indoor,미국,https://example.com/%EB%82%B4%EC%B6%94%EB%9F%B4%EB%B0%9C%EB%9E%80%EC%8A%A4_%EC%9A%B8%ED%8A%B8%EB%9D%BC%20%ED%94%84%EB%A6%AC%EB%AF%B8%EC%97%84_%EC%96%B4%EB%A5%98_%EB%93%9C%EB%9D%BC%EC%9D%B4
내추럴발란스,내추럴발란스 피쉬앤포테이토 칠면조 습식/파우치,사료,습식/파우치,칠면조,칠면조;감자,80,102,저가,,22,1.0,0.28,,Prescription,미국,https://example.com/%EB%82%B4%EC%B6%94%EB%9F%B4%EB%B0%9C%EB%9E%80%EC%8A%A4_%ED%94%BC%EC%89%AC%EC%95%A4%ED%8F%AC%ED%85%8C%EC%9D%B4%ED%86%A0_%EC%B9%A0%EB%A9%B4%EC%A1%B0_%EC%8A%B5%EC%8B%9D/%ED%8C%8C%EC%9A%B0%EC%B9%98
내추럴발란스,내추럴발란스 울트라 프리미엄 어류 습식/파우치,사료,습식/파우치,어류,연어;참치,77,86,중간,,17,0.68,0.4,,Natural,미국,https://example.com/%EB%82%B4%EC%B6%94%EB%9F%B4%EB%B0%9C%EB%9E%80%EC%8A%A4_%EC%9A%B8%ED%8A%B8%EB%9D%BC%20%ED%94%84%EB%A6%AC%EB%AF%B8%EC%97%84_%EC%96%B4%EB%A5%98_%EC%8A%B5%EC%8B%9D/%ED%8C%8C%EC%9A%B0%EC%B9%98
내추럴발란스,내추럴발란스 울트라 프리미엄 양 습식/파우치,사료,습식/파우치,양,양고기;현미,77,98,중간,,23,0.72,0.4,,Indoor,미국,https://example.com/%EB%82%B4%EC%B6%94%EB%9F%B4%EB%B0%9C%EB%9E%80%EC%8A%A4_%EC%9A%B8%ED%8A%B8%EB%9D%BC%20%ED%94%84%EB%A6%AC%EB%AF%B8%EC%97%84_%EC%96%91_%EC%8A%B5%EC%8B%9D/%ED%8C%8C%EC%9A%B0%EC%B9%98
내추럴발란스,내추럴발란스 울트라 프리미엄 칠면조 드라이,사료,드라이,칠면조,칠면조;감자,10,386,프리미엄,,21,0.92,0.28,,Natural,미국,https://example.com/%EB%82%B4%EC%B6%94%EB%9F%B4%EB%B0%9C%EB%9E%80%EC%8A%A4_%EC%9A%B8%ED%8A%B8%EB%9D%BC%20%ED%94%84%EB%A6%AC%EB%AF%B8%EC%97%84_%EC%B9%A0%EB%A9%B4%EC%A1%B0_%EB%93%9C%EB%9D%BC%EC%9D%B4
내추럴발란스,내추럴발란스 피쉬앤포테이토 양 드라이,사료,드라이,양,양고기;현미,10,371,저가,,19,0.62,0.39,,Indoor,미국,https://example.com/%EB%82%B4%EC%B6%94%EB%9F%B4%EB%B0%9C%EB%9E%80%EC%8A%A4_%ED%94%BC%EC%89%AC%EC%95%A4%ED%8F%AC%ED%85%8C%EC%9D%B4%ED%86%A0_%EC%96%91_%EB%93%9C%EB%9D%BC%EC%9D%B4
내추럴발란스,내추럴발란스 피쉬앤포테이토 칠면조 습식/파우치,사료,습식/파우치,칠면조,칠면조;감자,75,96,중간,,23,0.93,0.37,,Natural,미국,https://example.com/%EB%82%B4%EC%B6%94%EB%9F%B4%EB%B0%9C%EB%9E%80%EC%8A%A4_%ED%94%BC%EC%89%AC%EC%95%A4%ED%8F%AC%ED%85%8C%EC%9D%B4%ED%86%A0_%EC%B9%A0%EB%A9%B4%EC%A1%B0_%EC%8A%B5%EC%8B%9D/%ED%8C%8C%EC%9A%B0%EC%B9%98
내추럴발란스,내추럴발란스 피쉬앤포테이토 양 습식/파우치,사료,습식/파우치,양,양고기;현미,78,83,중간,,16,0.54,0.29,,Indoor,미국,https://example.com/%EB%82%B4%EC%B6%94%EB%9F%B4%EB%B0%9C%EB%9E%80%EC%8A%A4_%ED%94%BC%EC%89%AC%EC%95%A4%ED%8F%AC%ED%85%8C%EC%9D%B4%ED%86%A0_%EC%96%91_%EC%8A%B5%EC%8B%9D/%ED%8C%8C%EC%9A%B0%EC%B9%98
내추럴발란스,내추럴발란스 LID 덕앤그린피 소 습식/파우치,사료,습식/파우치,소,소고기;쌀,73,102,중간,소화 민감성,15,0.58,0.38,,High Protein,미국,https://example.com/%EB%82%B4%EC%B6%94%EB%9F%B4%EB%B0%9C%EB%9E%80%EC%8A%A4_LID%20%EB%8D%95%EC%95%A4%EA%B7%B8%EB%A6%B0%ED%94%BC_%EC%86%8C_%EC%8A%B5%EC%8B%9D/%ED%8C%8C%EC%9A%B0%EC%B9%98
내추럴발란스,내추럴발란스 LID 덕앤그린피 닭 드라이,사료,드라이,닭,치킨;현미,10,403,프리미엄,소화 민감성,19,0.71,0.32,,High Protein,미국,https://example.com/%EB%82%B4%EC%B6%94%EB%9F%B4%EB%B0%9C%EB%9E%80%EC%8A%A4_LID%20%EB%8D%95%EC%95%A4%EA%B7%B8%EB%A6%B0%ED%94%BC_%EB%8B%AD_%EB%93%9C%EB%9D%BC%EC%9D%B4
내추럴발란스,내추럴발란스 피쉬앤포테이토 오리 드라이,사료,드라이,오리,오리;완두,10,350,저가,,19,0.8,0.43,,Indoor,미국,https://example.com/%EB%82%B4%EC%B6%94%EB%9F%B4%EB%B0%9C%EB%9E%80%EC%8A%A4_%ED%94%BC%EC%89%AC%EC%95%A4%ED%8F%AC%ED%85%8C%EC%9D%B4%ED%86%A0_%EC%98%A4%EB%A6%AC_%EB%93%9C%EB%9D%BC%EC%9D%B4
내추럴발란스,내추럴발란스 울트라 프리미엄 어류 드라이,사료,드라이,어류,연어;참치,10,407,저가,,24,0.73,0.34,,High Protein,미국,https://example.com/%EB%82%B4%EC%B6%94%EB%9F%B4%EB%B0%9C%EB%9E%80%EC%8A%A4_%EC%9A%B8%ED%8A%B8%EB%9D%BC%20%ED%94%84%EB%A6%AC%EB%AF%B8%EC%97%84_%EC%96%B4%EB%A5%98_%EB%93%9C%EB%9D%BC%EC%9D%B4
내추럴발란스,내추럴발란스 피쉬앤포테이토 오리 습식/파우치,사료,습식/파우치,오리,오리;완두,74,92,프리미엄,,24,0.75,0.3,,Indoor,미국,https://example.com/%EB%82%B4%EC%B6%94%EB%9F%B4%EB%B0%9C%EB%9E%80%EC%8A%A4_%ED%94%BC%EC%89%AC%EC%95%A4%ED%8F%AC%ED%85%8C%EC%9D%B4%ED%86%A0_%EC%98%A4%EB%A6%AC_%EC%8A%B5%EC%8B%9D/%ED%8C%8C%EC%9A%B0%EC%B9%98
웰니스,웰니스 CORE 고단백 오리 드라이,사료,드라이,오리,오리;완두,10,320,저가,고단백,18,0.79,0.36,,Indoor,미국,https://example.com/%EC%9B%B0%EB%8B%88%EC%8A%A4_CORE%20%EA%B3%A0%EB%8B%A8%EB%B0%B1_%EC%98%A4%EB%A6%AC_%EB%93%9C%EB%9D%BC%EC%9D%B4
웰니스,웰니스 컴플릿헬스 오리 드라이,사료,드라이,오리,오리;완두,10,417,중간,,15,0.77,0.41,,Prescription,미국,https://example.com/%EC%9B%B0%EB%8B%88%EC%8A%A4_%EC%BB%B4%ED%94%8C%EB%A6%BF%ED%97%AC%EC%8A%A4_%EC%98%A4%EB%A6%AC_%EB%93%9C%EB%9D%BC%EC%9D%B4
웰니스,웰니스 CORE 고단백 칠면조 드라이,사료,드라이,칠면조,칠면조;감자,10,348,프리미엄,고단백,22,0.69,0.41,,Grain-Free,미국,https://example.com/%EC%9B%B0%EB%8B%88%EC%8A%A4_CORE%20%EA%B3%A0%EB%8B%A8%EB%B0%B1_%EC%B9%A0%EB%A9%B4%EC%A1%B0_%EB%93%9C%EB%9D%BC%EC%9D%B4
웰니스,웰니스 컴플릿헬스 양 습식/파우치,사료,습식/파우치,양,양고기;현미,78,90,프리미엄,,22,0.9,0.39,,Indoor,미국,https://example.com/%EC%9B%B0%EB%8B%88%EC%8A%A4_%EC%BB%B4%ED%94%8C%EB%A6%BF%ED%97%AC%EC%8A%A4_%EC%96%91_%EC%8A%B5%EC%8B%9D/%ED%8C%8C%EC%9A%B0%EC%B9%98
웰니스,웰니스 CORE 고단백 어류 드라이,사료,드라이,어류,연어;참치,10,318,중간,고단백,21,0.59,0.28,,Indoor,미국,https://example.com/%EC%9B%B0%EB%8B%88%EC%8A%A4_CORE%20%EA%B3%A0%EB%8B%A8%EB%B0%B1_%EC%96%B4%EB%A5%98_%EB%93%9C%EB%9D%BC%EC%9D%B4
웰니스,웰니스 CORE 고단백 양 습식/파우치,사료,습식/파우치,양,양고기;현미,75,105,프리미엄,고단백,17,0.63,0.43,,Natural,미국,https://example.com/%EC%9B%B0%EB%8B%88%EC%8A%A4_CORE%20%EA%B3%A0%EB%8B%A8%EB%B0%B1_%EC%96%91_%EC%8A%B5%EC%8B%9D/%ED%8C%8C%EC%9A%B0%EC%B9%98
웰니스,웰니스 컴플릿헬스 소 습식/파우치,사료,습식/파우치,소,소고기;쌀,75,107,저가,,16,0.9,0.3,,Grain-Free,미국,https://example.com/%EC%9B%B0%EB%8B%88%EC%8A%A4_%EC%BB%B4%ED%94%8C%EB%A6%BF%ED%97%AC%EC%8A%A4_%EC%86%8C_%EC%8A%B5%EC%8B%9D/%ED%8C%8C%EC%9A%B0%EC%B9%98
웰니스,웰니스 CORE 고단백 어류 습식/파우치,사료,습식/파우치,어류,연어;참치,80,106,프리미엄,고단백,19,0.57,0.33,,Grain-Free,미국,https://example.com/%EC%9B%B0%EB%8B%88%EC%8A%A4_CORE%20%EA%B3%A0%EB%8B%A8%EB%B0%B1_%EC%96%B4%EB%A5%98_%EC%8A%B5%EC%8B%9D/%ED%8C%8C%EC%9A%B0%EC%B9%98
웰니스,웰니스 CORE 고단백 어류 드라이,사료,드라이,어류,연어;참치,10,343,프리미엄,고단백,25,0.81,0.39,,High Protein,미국,https://example.com/%EC%9B%B0%EB%8B%88%EC%8A%A4_CORE%20%EA%B3%A0%EB%8B%A8%EB%B0%B1_%EC%96%B4%EB%A5%98_%EB%93%9C%EB%9D%BC%EC%9D%B4
웰니스,웰니스 인도어헬스 칠면조 드라이,사료,드라이,칠면조,칠면조;감자,10,328,프리미엄,실내용,15,0.51,0.32,,Natural,미국,https://example.com/%EC%9B%B0%EB%8B%88%EC%8A%A4_%EC%9D%B8%EB%8F%84%EC%96%B4%ED%97%AC%EC%8A%A4_%EC%B9%A0%EB%A9%B4%EC%A1%B0_%EB%93%9C%EB%9D%BC%EC%9D%B4
웰니스,웰니스 CORE 고단백 오리 드라이,사료,드라이,오리,오리;완두,10,354,중간,고단백,21,0.67,0.43,,High Protein,미국,https://example.com/%EC%9B%B0%EB%8B%88%EC%8A%A4_CORE%20%EA%B3%A0%EB%8B%A8%EB%B0%B1_%EC%98%A4%EB%A6%AC_%EB%93%9C%EB%9D%BC%EC%9D%B4
웰니스,웰니스 컴플릿헬스 양 드라이,사료,드라이,양,양고기;현미,10,398,프리미엄,,24,0.74,0.34,,Prescription,미국,https://example.com/%EC%9B%B0%EB%8B%88%EC%8A%A4_%EC%BB%B4%ED%94%8C%EB%A6%BF%ED%97%AC%EC%8A%A4_%EC%96%91_%EB%93%9C%EB%9D%BC%EC%9D%B4
웰니스,웰니스 CORE 고단백 칠면조 습식/파우치,사료,습식/파우치,칠면조,칠면조;감자,71,98,중간,고단백,24,0.93,0.3,,Natural,미국,https://example.com/%EC%9B%B0%EB%8B%88%EC%8A%A4_CORE%20%EA%B3%A0%EB%8B%A8%EB%B0%B1_%EC%B9%A0%EB%A9%B4%EC%A1%B0_%EC%8A%B5%EC%8B%9D/%ED%8C%8C%EC%9A%B0%EC%B9%98
웰니스,웰니스 CORE 고단백 오리 드라이,사료,드라이,오리,오리;완두,10,350,저가,고단백,21,0.59,0.28,,Prescription,미국,https://example.com/%EC%9B%B0%EB%8B%88%EC%8A%A4_CORE%20%EA%B3%A0%EB%8B%A8%EB%B0%B1_%EC%98%A4%EB%A6%AC_%EB%93%9C%EB%9D%BC%EC%9D%B4
웰니스,웰니스 컴플릿헬스 어류 습식/파우치,사료,습식/파우치,어류,연어;참치,82,103,저가,,16,0.76,0.26,,Indoor,미국,https://example.com/%EC%9B%B0%EB%8B%88%EC%8A%A4_%EC%BB%B4%ED%94%8C%EB%A6%BF%ED%97%AC%EC%8A%A4_%EC%96%B4%EB%A5%98_%EC%8A%B5%EC%8B%9D/%ED%8C%8C%EC%9A%B0%EC%B9%98
웰니스,웰니스 컴플릿헬스 소 드라이,사료,드라이,소,소고기;쌀,10,365,저가,,19,0.87,0.25,,Prescription,미국,https://example.com/%EC%9B%B0%EB%8B%88%EC%8A%A4_%EC%BB%B4%ED%94%8C%EB%A6%BF%ED%97%AC%EC%8A%A4_%EC%86%8C_%EB%93%9C%EB%9D%BC%EC%9D%B4
웰니스,웰니스 인도어헬스 닭 습식/파우치,사료,습식/파우치,닭,치킨;현미,82,102,중간,실내용,17,0.62,0.37,,High Protein,미국,https://example.com/%EC%9B%B0%EB%8B%88%EC%8A%A4_%EC%9D%B8%EB%8F%84%EC%96%B4%ED%97%AC%EC%8A%A4_%EB%8B%AD_%EC%8A%B5%EC%8B%9D/%ED%8C%8C%EC%9A%B0%EC%B9%98
웰니스,웰니스 CORE 고단백 어류 습식/파우치,사료,습식/파우치,어류,연어;참치,77,94,저가,고단백,19,0.58,0.38,,Indoor,미국,https://example.com/%EC%9B%B0%EB%8B%88%EC%8A%A4_CORE%20%EA%B3%A0%EB%8B%A8%EB%B0%B1_%EC%96%B4%EB%A5%98_%EC%8A%B5%EC%8B%9D/%ED%8C%8C%EC%9A%B0%EC%B9%98
퓨리나 프로플랜,퓨리나 프로플랜 유리너리 칠면조 습식/파우치,사료,습식/파우치,칠면조,칠면조;감자,80,90,프리미엄,요로기계,18,0.96,0.39,,Indoor,미국,https://example.com/%ED%93%A8%EB%A6%AC%EB%82%98%20%ED%94%84%EB%A1%9C%ED%94%8C%EB%9E%9C_%EC%9C%A0%EB%A6%AC%EB%84%88%EB%A6%AC_%EC%B9%A0%EB%A9%B4%EC%A1%B0_%EC%8A%B5%EC%8B%9D/%ED%8C%8C%EC%9A%B0%EC%B9%98
퓨리나 프로플랜,퓨리나 프로플랜 헤어볼 오리 드라이,사료,드라이,오리,오리;완두,10,320,중간,헤어볼,25,0.67,0.31,,Prescription,미국,https://example.com/%ED%93%A8%EB%A6%AC%EB%82%98%20%ED%94%84%EB%A1%9C%ED%94%8C%EB%9E%9C_%ED%97%A4%EC%96%B4%EB%B3%BC_%EC%98%A4%EB%A6%AC_%EB%93%9C%EB%9D%BC%EC%9D%B4
퓨리나 프로플랜,퓨리나 프로플랜 유리너리 양 습식/파우치,사료,습식/파우치,양,양고기;현미,75,108,프리미엄,요로기계,24,0.52,0.41,,Natural,미국,https://example.com/%ED%93%A8%EB%A6%AC%EB%82%98%20%ED%94%84%EB%A1%9C%ED%94%8C%EB%9E%9C_%EC%9C%A0%EB%A6%AC%EB%84%88%EB%A6%AC_%EC%96%91_%EC%8A%B5%EC%8B%9D/%ED%8C%8C%EC%9A%B0%EC%B9%98
퓨리나 프로플랜,퓨리나 프로플랜 인도어 닭 습식/파우치,사료,습식/파우치,닭,치킨;현미,78,97,중간,실내용,25,0.79,0.44,,Grain-Free,미국,https://example.com/%ED%93%A8%EB%A6%AC%EB%82%98%20%ED%94%84%EB%A1%9C%ED%94%8C%EB%9E%9C_%EC%9D%B8%EB%8F%84%EC%96%B4_%EB%8B%AD_%EC%8A%B5%EC%8B%9D/%ED%8C%8C%EC%9A%B0%EC%B9%98
퓨리나 프로플랜,퓨리나 프로플랜 유리너리 닭 습식/파우치,사료,습식/파우치,닭,치킨;현미,81,90,프리미엄,요로기계,17,0.82,0.44,,Indoor,미국,https://example.com/%ED%93%A8%EB%A6%AC%EB%82%98%20%ED%94%84%EB%A1%9C%ED%94%8C%EB%9E%9C_%EC%9C%A0%EB%A6%AC%EB%84%88%EB%A6%AC_%EB%8B%AD_%EC%8A%B5%EC%8B%9D/%ED%8C%8C%EC%9A%B0%EC%B9%98
퓨리나 프로플랜,퓨리나 프로플랜 헤어볼 닭 습식/파우치,사료,습식/파우치,닭,치킨;현미,79,82,중간,헤어볼,24,0.94,0.32,,High Protein,미국,https://example.com/%ED%93%A8%EB%A6%AC%EB%82%98%20%ED%94%84%EB%A1%9C%ED%94%8C%EB%9E%9C_%ED%97%A4%EC%96%B4%EB%B3%BC_%EB%8B%AD_%EC%8A%B5%EC%8B%9D/%ED%8C%8C%EC%9A%B0%EC%B9%98
퓨리나 프로플랜,퓨리나 프로플랜 인도어 칠면조 드라이,사료,드라이,칠면조,칠면조;감자,10,357,프리미엄,실내용,23,0.59,0.36,,Indoor,미국,https://example.com/%ED%93%A8%EB%A6%AC%EB%82%98%20%ED%94%84%EB%A1%9C%ED%94%8C%EB%9E%9C_%EC%9D%B8%EB%8F%84%EC%96%B4_%EC%B9%A0%EB%A9%B4%EC%A1%B0_%EB%93%9C%EB%9D%BC%EC%9D%B4
퓨리나 프로플랜,퓨리나 프로플랜 헤어볼 양 습식/파우치,사료,습식/파우치,양,양고기;현미,79,110,저가,헤어볼,25,0.79,0.32,,High Protein,미국,https://example.com/%ED%93%A8%EB%A6%AC%EB%82%98%20%ED%94%84%EB%A1%9C%ED%94%8C%EB%9E%9C_%ED%97%A4%EC%96%B4%EB%B3%BC_%EC%96%91_%EC%8A%B5%EC%8B%9D/%ED%8C%8C%EC%9A%B0%EC%B9%98
퓨리나 프로플랜,퓨리나 프로플랜 센서티브 스킨/스톰액 닭 드라이,사료,드라이,닭,치킨;현미,10,366,저가,소화 민감성,16,0.89,0.25,,Prescription,미국,https://example.com/%ED%93%A8%EB%A6%AC%EB%82%98%20%ED%94%84%EB%A1%9C%ED%94%8C%EB%9E%9C_%EC%84%BC%EC%84%9C%ED%8B%B0%EB%B8%8C%20%EC%8A%A4%ED%82%A8/%EC%8A%A4%ED%86%B0%EC%95%A1_%EB%8B%AD_%EB%93%9C%EB%9D%BC%EC%9D%B4
퓨리나 프로플랜,퓨리나 프로플랜 유리너리 양 습식/파우치,사료,습식/파우치,양,양고기;현미,75,99,프리미엄,요로기계,25,0.82,0.34,,Prescription,미국,https://example.com/%ED%93%A8%EB%A6%AC%EB%82%98%20%ED%94%84%EB%A1%9C%ED%94%8C%EB%9E%9C_%EC%9C%A0%EB%A6%AC%EB%84%88%EB%A6%AC_%EC%96%91_%EC%8A%B5%EC%8B%9D/%ED%8C%8C%EC%9A%B0%EC%B9%98
퓨리나 프로플랜,퓨리나 프로플랜 헤어볼 닭 습식/파우치,사료,습식/파우치,닭,치킨;현미,71,86,중간,헤어볼,25,0.67,0.33,,Prescription,미국,https://example.com/%ED%93%A8%EB%A6%AC%EB%82%98%20%ED%94%84%EB%A1%9C%ED%94%8C%EB%9E%9C_%ED%97%A4%EC%96%B4%EB%B3%BC_%EB%8B%AD_%EC%8A%B5%EC%8B%9D/%ED%8C%8C%EC%9A%B0%EC%B9%98
퓨리나 프로플랜,퓨리나 프로플랜 유리너리 어류 드라이,사료,드라이,어류,연어;참치,10,357,중간,요로기계,17,0.55,0.3,,Grain-Free,미국,https://example.com/%ED%93%A8%EB%A6%AC%EB%82%98%20%ED%94%84%EB%A1%9C%ED%94%8C%EB%9E%9C_%EC%9C%A0%EB%A6%AC%EB%84%88%EB%A6%AC_%EC%96%B4%EB%A5%98_%EB%93%9C%EB%9D%BC%EC%9D%B4
퓨리나 프로플랜,퓨리나 프로플랜 유리너리 양 습식/파우치,사료,습식/파우치,양,양고기;현미,77,99,프리미엄,요로기계,16,0.75,0.44,,Natural,미국,https://example.com/%ED%93%A8%EB%A6%AC%EB%82%98%20%ED%94%84%EB%A1%9C%ED%94%8C%EB%9E%9C_%EC%9C%A0%EB%A6%AC%EB%84%88%EB%A6%AC_%EC%96%91_%EC%8A%B5%EC%8B%9D/%ED%8C%8C%EC%9A%B0%EC%B9%98
퓨리나 프로플랜,퓨리나 프로플랜 센서티브 스킨/스톰액 오리 드라이,사료,드라이,오리,오리;완두,10,417,중간,소화 민감성,18,0.77,0.37,,High Protein,미국,https://example.com/%ED%93%A8%EB%A6%AC%EB%82%98%20%ED%94%84%EB%A1%9C%ED%94%8C%EB%9E%9C_%EC%84%BC%EC%84%9C%ED%8B%B0%EB%B8%8C%20%EC%8A%A4%ED%82%A8/%EC%8A%A4%ED%86%B0%EC%95%A1_%EC%98%A4%EB%A6%AC_%EB%93%9C%EB%9D%BC%EC%9D%B4
퓨리나 프로플랜,퓨리나 프로플랜 인도어 어류 습식/파우치,사료,습식/파우치,어류,연어;참치,76,100,프리미엄,실내용,22,0.83,0.33,,Natural,미국,https://example.com/%ED%93%A8%EB%A6%AC%EB%82%98%20%ED%94%84%EB%A1%9C%ED%94%8C%EB%9E%9C_%EC%9D%B8%EB%8F%84%EC%96%B4_%EC%96%B4%EB%A5%98_%EC%8A%B5%EC%8B%9D/%ED%8C%8C%EC%9A%B0%EC%B9%98
퓨리나 프로플랜,퓨리나 프로플랜 헤어볼 양 습식/파우치,사료,습식/파우치,양,양고기;현미,74,88,저가,헤어볼,20,0.57,0.45,,Indoor,미국,https://example.com/%ED%93%A8%EB%A6%AC%EB%82%98%20%ED%94%84%EB%A1%9C%ED%94%8C%EB%9E%9C_%ED%97%A4%EC%96%B4%EB%B3%BC_%EC%96%91_%EC%8A%B5%EC%8B%9D/%ED%8C%8C%EC%9A%B0%EC%B9%98
퓨리나 프로플랜,퓨리나 프로플랜 센서티브 스킨/스톰액 소 드라이,사료,드라이,소,소고기;쌀,10,321,저가,소화 민감성,24,0.82,0.44,,Natural,미국,https://example.com/%ED%93%A8%EB%A6%AC%EB%82%98%20%ED%94%84%EB%A1%9C%ED%94%8C%EB%9E%9C_%EC%84%BC%EC%84%9C%ED%8B%B0%EB%B8%8C%20%EC%8A%A4%ED%82%A8/%EC%8A%A4%ED%86%B0%EC%95%A1_%EC%86%8C_%EB%93%9C%EB%9D%BC%EC%9D%B4
퓨리나 프로플랜,퓨리나 프로플랜 유리너리 오리 습식/파우치,사료,습식/파우치,오리,오리;완두,70,91,중간,요로기계,25,0.89,0.39,,Prescription,미국,https://example.com/%ED%93%A8%EB%A6%AC%EB%82%98%20%ED%94%84%EB%A1%9C%ED%94%8C%EB%9E%9C_%EC%9C%A0%EB%A6%AC%EB%84%88%EB%A6%AC_%EC%98%A4%EB%A6%AC_%EC%8A%B5%EC%8B%9D/%ED%8C%8C%EC%9A%B0%EC%B9%98
오리젠,오리젠 튜나 앤 치킨 어류 드라이,사료,드라이,어류,연어;참치,10,378,중간,,18,0.74,0.39,,Natural,캐나다,https://example.com/%EC%98%A4%EB%A6%AC%EC%A0%A0_%ED%8A%9C%EB%82%98%20%EC%95%A4%20%EC%B9%98%ED%82%A8_%EC%96%B4%EB%A5%98_%EB%93%9C%EB%9D%BC%EC%9D%B4
오리젠,오리젠 튜나 앤 치킨 소 습식/파우치,사료,습식/파우치,소,소고기;쌀,78,109,중간,,21,0.64,0.44,,High Protein,캐나다,https://example.com/%EC%98%A4%EB%A6%AC%EC%A0%A0_%ED%8A%9C%EB%82%98%20%EC%95%A4%20%EC%B9%98%ED%82%A8_%EC%86%8C_%EC%8A%B5%EC%8B%9D/%ED%8C%8C%EC%9A%B0%EC%B9%98
오리젠,오리젠 오리지널 소 습식/파우치,사료,습식/파우치,소,소고기;쌀,82,86,중간,,16,0.7,0.32,,Natural,캐나다,https://example.com/%EC%98%A4%EB%A6%AC%EC%A0%A0_%EC%98%A4%EB%A6%AC%EC%A7%80%EB%84%90_%EC%86%8C_%EC%8A%B5%EC%8B%9D/%ED%8C%8C%EC%9A%B0%EC%B9%98
오리젠,오리젠 식스피쉬 오리 습식/파우치,사료,습식/파우치,오리,오리;완두,74,101,중간,고단백,24,0.58,0.36,,Grain-Free,캐나다,https://example.com/%EC%98%A4%EB%A6%AC%EC%A0%A0_%EC%8B%9D%EC%8A%A4%ED%94%BC%EC%89%AC_%EC%98%A4%EB%A6%AC_%EC%8A%B5%EC%8B%9D/%ED%8C%8C%EC%9A%B0%EC%B9%98
오리젠,오리젠 튜나 앤 치킨 닭 드라이,사료,드라이,닭,치킨;현미,10,348,프리미엄,,22,0.79,0.38,,Grain-Free,캐나다,https://example.com/%EC%98%A4%EB%A6%AC%EC%A0%A0_%ED%8A%9C%EB%82%98%20%EC%95%A4%20%EC%B9%98%ED%82%A8_%EB%8B%AD_%EB%93%9C%EB%9D%BC%EC%9D%B4
오리젠,오리젠 오리지널 소 습식/파우치,사료,습식/파우치,소,소고기;쌀,75,109,중간,,24,0.96,0.29,,High Protein,캐나다,https://example.com/%EC%98%A4%EB%A6%AC%EC%A0%A0_%EC%98%A4%EB%A6%AC%EC%A7%80%EB%84%90_%EC%86%8C_%EC%8A%B5%EC%8B%9D/%ED%8C%8C%EC%9A%B0%EC%B9%98
오리젠,오리젠 식스피쉬 칠면조 습식/파우치,사료,습식/파우치,칠면조,칠면조;감자,80,83,프리미엄,고단백,17,0.86,0.36,,Grain-Free,캐나다,https://example.com/%EC%98%A4%EB%A6%AC%EC%A0%A0_%EC%8B%9D%EC%8A%A4%ED%94%BC%EC%89%AC_%EC%B9%A0%EB%A9%B4%EC%A1%B0_%EC%8A%B5%EC%8B%9D/%ED%8C%8C%EC%9A%B0%EC%B9%98
오리젠,오리젠 식스피쉬 소 습식/파우치,사료,습식/파우치,소,소고기;쌀,74,104,중간,고단백,16,0.58,0.34,,Natural,캐나다,https://example.com/%EC%98%A4%EB%A6%AC%EC%A0%A0_%EC%8B%9D%EC%8A%A4%ED%94%BC%EC%89%AC_%EC%86%8C_%EC%8A%B5%EC%8B%9D/%ED%8C%8C%EC%9A%B0%EC%B9%98
오리젠,오리젠 튜나 앤 치킨 닭 드라이,사료,드라이,닭,치킨;현미,10,381,중간,,18,0.69,0.33,,High Protein,캐나다,https://example.com/%EC%98%A4%EB%A6%AC%EC%A0%A0_%ED%8A%9C%EB%82%98%20%EC%95%A4%20%EC%B9%98%ED%82%A8_%EB%8B%AD_%EB%93%9C%EB%9D%BC%EC%9D%B4
오리젠,오리젠 튜나 앤 치킨 어류 드라이,사료,드라이,어류,연어;참치,10,319,중간,,20,0.94,0.29,,High Protein,캐나다,https://example.com/%EC%98%A4%EB%A6%AC%EC%A0%A0_%ED%8A%9C%EB%82%98%20%EC%95%A4%20%EC%B9%98%ED%82%A8_%EC%96%B4%EB%A5%98_%EB%93%9C%EB%9D%BC%EC%9D%B4
오리젠,오리젠 식스피쉬 닭 습식/파우치,사료,습식/파우치,닭,치킨;현미,73,110,프리미엄,고단백,24,0.88,0.44,,Prescription,캐나다,https://example.com/%EC%98%A4%EB%A6%AC%EC%A0%A0_%EC%8B%9D%EC%8A%A4%ED%94%BC%EC%89%AC_%EB%8B%AD_%EC%8A%B5%EC%8B%9D/%ED%8C%8C%EC%9A%B0%EC%B9%98
오리젠,오리젠 오리지널 닭 드라이,사료,드라이,닭,치킨;현미,10,312,저가,,17,0.56,0.32,,Prescription,캐나다,https://example.com/%EC%98%A4%EB%A6%AC%EC%A0%A0_%EC%98%A4%EB%A6%AC%EC%A7%80%EB%84%90_%EB%8B%AD_%EB%93%9C%EB%9D%BC%EC%9D%B4
오리젠,오리젠 튜나 앤 치킨 닭 드라이,사료,드라이,닭,치킨;현미,10,399,저가,,17,0.66,0.3,,Natural,캐나다,https://example.com/%EC%98%A4%EB%A6%AC%EC%A0%A0_%ED%8A%9C%EB%82%98%20%EC%95%A4%20%EC%B9%98%ED%82%A8_%EB%8B%AD_%EB%93%9C%EB%9D%BC%EC%9D%B4
오리젠,오리젠 튜나 앤 치킨 칠면조 습식/파우치,사료,습식/파우치,칠면조,칠면조;감자,77,91,저가,,16,0.66,0.29,,Indoor,캐나다,https://example.com/%EC%98%A4%EB%A6%AC%EC%A0%A0_%ED%8A%9C%EB%82%98%20%EC%95%A4%20%EC%B9%98%ED%82%A8_%EC%B9%A0%EB%A9%B4%EC%A1%B0_%EC%8A%B5%EC%8B%9D/%ED%8C%8C%EC%9A%B0%EC%B9%98
오리젠,오리젠 튜나 앤 치킨 양 습식/파우치,사료,습식/파우치,양,양고기;현미,80,91,프리미엄,,22,0.87,0.3,,Grain-Free,캐나다,https://example.com/%EC%98%A4%EB%A6%AC%EC%A0%A0_%ED%8A%9C%EB%82%98%20%EC%95%A4%20%EC%B9%98%ED%82%A8_%EC%96%91_%EC%8A%B5%EC%8B%9D/%ED%8C%8C%EC%9A%B0%EC%B9%98
오리젠,오리젠 오리지널 양 습식/파우치,사료,습식/파우치,양,양고기;현미,70,80,중간,,23,0.66,0.32,,Prescription,캐나다,https://example.com/%EC%98%A4%EB%A6%AC%EC%A0%A0_%EC%98%A4%EB%A6%AC%EC%A7%80%EB%84%90_%EC%96%91_%EC%8A%B5%EC%8B%9D/%ED%8C%8C%EC%9A%B0%EC%B9%98
오리젠,오리젠 식스피쉬 칠면조 드라이,사료,드라이,칠면조,칠면조;감자,10,337,프리미엄,고단백,21,0.76,0.27,,Indoor,캐나다,https://example.com/%EC%98%A4%EB%A6%AC%EC%A0%A0_%EC%8B%9D%EC%8A%A4%ED%94%BC%EC%89%AC_%EC%B9%A0%EB%A9%B4%EC%A1%B0_%EB%93%9C%EB%9D%BC%EC%9D%B4
오리젠,오리젠 오리지널 소 습식/파우치,사료,습식/파우치,소,소고기;쌀,70,95,중간,,15,0.7,0.26,,Grain-Free,캐나다,https://example.com/%EC%98%A4%EB%A6%AC%EC%A0%A0_%EC%98%A4%EB%A6%AC%EC%A7%80%EB%84%90_%EC%86%8C_%EC%8A%B5%EC%8B%9D/%ED%8C%8C%EC%9A%B0%EC%B9%98
아카나,아카나 퍼시픽 피쉬 양 드라이,사료,드라이,양,양고기;현미,10,308,프리미엄,,20,0.68,0.43,,Prescription,캐나다,https://example.com/%EC%95%84%EC%B9%B4%EB%82%98_%ED%8D%BC%EC%8B%9C%ED%94%BD%20%ED%94%BC%EC%89%AC_%EC%96%91_%EB%93%9C%EB%9D%BC%EC%9D%B4
아카나,아카나 퍼시픽 피쉬 닭 드라이,사료,드라이,닭,치킨;현미,10,387,저가,,24,0.77,0.29,,High Protein,캐나다,https://example.com/%EC%95%84%EC%B9%B4%EB%82%98_%ED%8D%BC%EC%8B%9C%ED%94%BD%20%ED%94%BC%EC%89%AC_%EB%8B%AD_%EB%93%9C%EB%9D%BC%EC%9D%B4
아카나,아카나 프리런 치킨 소 습식/파우치,사료,습식/파우치,소,소고기;쌀,78,96,저가,,19,1.0,0.38,,Prescription,캐나다,https://example.com/%EC%95%84%EC%B9%B4%EB%82%98_%ED%94%84%EB%A6%AC%EB%9F%B0%20%EC%B9%98%ED%82%A8_%EC%86%8C_%EC%8A%B5%EC%8B%9D/%ED%8C%8C%EC%9A%B0%EC%B9%98
아카나,아카나 프리런 치킨 소 습식/파우치,사료,습식/파우치,소,소고기;쌀,75,101,중간,,22,1.0,0.45,,Natural,캐나다,https://example.com/%EC%95%84%EC%B9%B4%EB%82%98_%ED%94%84%EB%A6%AC%EB%9F%B0%20%EC%B9%98%ED%82%A8_%EC%86%8C_%EC%8A%B5%EC%8B%9D/%ED%8C%8C%EC%9A%B0%EC%B9%98
아카나,아카나 인도어 엔트리 칠면조 습식/파우치,사료,습식/파우치,칠면조,칠면조;감자,73,107,저가,실내용,18,0.89,0.25,,Natural,캐나다,https://example.com/%EC%95%84%EC%B9%B4%EB%82%98_%EC%9D%B8%EB%8F%84%EC%96%B4%20%EC%97%94%ED%8A%B8%EB%A6%AC_%EC%B9%A0%EB%A9%B4%EC%A1%B0_%EC%8A%B5%EC%8B%9D/%ED%8C%8C%EC%9A%B0%EC%B9%98
아카나,아카나 퍼시픽 피쉬 오리 드라이,사료,드라이,오리,오리;완두,10,300,중간,,21,0.87,0.45,,High Protein,캐나다,https://example.com/%EC%95%84%EC%B9%B4%EB%82%98_%ED%8D%BC%EC%8B%9C%ED%94%BD%20%ED%94%BC%EC%89%AC_%EC%98%A4%EB%A6%AC_%EB%93%9C%EB%9D%BC%EC%9D%B4
아카나,아카나 프리런 치킨 오리 습식/파우치,사료,습식/파우치,오리,오리;완두,71,85,중간,,18,0.95,0.26,,Prescription,캐나다,https://example.com/%EC%95%84%EC%B9%B4%EB%82%98_%ED%94%84%EB%A6%AC%EB%9F%B0%20%EC%B9%98%ED%82%A8_%EC%98%A4%EB%A6%AC_%EC%8A%B5%EC%8B%9D/%ED%8C%8C%EC%9A%B0%EC%B9%98
아카나,아카나 인도어 엔트리 어류 드라이,사료,드라이,어류,연어;참치,10,381,프리미엄,실내용,21,0.95,0.41,,Prescription,캐나다,https://example.com/%EC%95%84%EC%B9%B4%EB%82%98_%EC%9D%B8%EB%8F%84%EC%96%B4%20%EC%97%94%ED%8A%B8%EB%A6%AC_%EC%96%B4%EB%A5%98_%EB%93%9C%EB%9D%BC%EC%9D%B4
아카나,아카나 프리런 치킨 칠면조 드라이,사료,드라이,칠면조,칠면조;감자,10,312,중간,,16,0.96,0.45,,Prescription,캐나다,https://example.com/%EC%95%84%EC%B9%B4%EB%82%98_%ED%94%84%EB%A6%AC%EB%9F%B0%20%EC%B9%98%ED%82%A8_%EC%B9%A0%EB%A9%B4%EC%A1%B0_%EB%93%9C%EB%9D%BC%EC%9D%B4
아카나,아카나 프리런 치킨 오리 드라이,사료,드라이,오리,오리;완두,10,410,저가,,18,0.7,0.33,,Grain-Free,캐나다,https://example.com/%EC%95%84%EC%B9%B4%EB%82%98_%ED%94%84%EB%A6%AC%EB%9F%B0%20%EC%B9%98%ED%82%A8_%EC%98%A4%EB%A6%AC_%EB%93%9C%EB%9D%BC%EC%9D%B4
아카나,아카나 퍼시픽 피쉬 칠면조 습식/파우치,사료,습식/파우치,칠면조,칠면조;감자,75,98,저가,,15,0.95,0.36,,Natural,캐나다,https://example.com/%EC%95%84%EC%B9%B4%EB%82%98_%ED%8D%BC%EC%8B%9C%ED%94%BD%20%ED%94%BC%EC%89%AC_%EC%B9%A0%EB%A9%B4%EC%A1%B0_%EC%8A%B5%EC%8B%9D/%ED%8C%8C%EC%9A%B0%EC%B9%98
아카나,아카나 퍼시픽 피쉬 오리 드라이,사료,드라이,오리,오리;완두,10,374,프리미엄,,22,0.76,0.32,,High Protein,캐나다,https://example.com/%EC%95%84%EC%B9%B4%EB%82%98_%ED%8D%BC%EC%8B%9C%ED%94%BD%20%ED%94%BC%EC%89%AC_%EC%98%A4%EB%A6%AC_%EB%93%9C%EB%9D%BC%EC%9D%B4
아카나,아카나 퍼시픽 피쉬 칠면조 습식/파우치,사료,습식/파우치,칠면조,칠면조;감자,79,110,중간,,22,0.56,0.35,,Natural,캐나다,https://example.com/%EC%95%84%EC%B9%B4%EB%82%98_%ED%8D%BC%EC%8B%9C%ED%94%BD%20%ED%94%BC%EC%89%AC_%EC%B9%A0%EB%A9%B4%EC%A1%B0_%EC%8A%B5%EC%8B%9D/%ED%8C%8C%EC%9A%B0%EC%B9%98
아카나,아카나 인도어 엔트리 소 습식/파우치,사료,습식/파우치,소,소고기;쌀,72,83,저가,실내용,16,0.64,0.42,,Natural,캐나다,https://example.com/%EC%95%84%EC%B9%B4%EB%82%98_%EC%9D%B8%EB%8F%84%EC%96%B4%20%EC%97%94%ED%8A%B8%EB%A6%AC_%EC%86%8C_%EC%8A%B5%EC%8B%9D/%ED%8C%8C%EC%9A%B0%EC%B9%98
아카나,아카나 퍼시픽 피쉬 소 습식/파우치,사료,습식/파우치,소,소고기;쌀,78,82,프리미엄,,23,0.92,0.35,,Indoor,캐나다,https://example.com/%EC%95%84%EC%B9%B4%EB%82%98_%ED%8D%BC%EC%8B%9C%ED%94%BD%20%ED%94%BC%EC%89%AC_%EC%86%8C_%EC%8A%B5%EC%8B%9D/%ED%8C%8C%EC%9A%B0%EC%B9%98
아카나,아카나 인도어 엔트리 양 드라이,사료,드라이,양,양고기;현미,10,307,저가,실내용,15,0.6,0.27,,Natural,캐나다,https://example.com/%EC%95%84%EC%B9%B4%EB%82%98_%EC%9D%B8%EB%8F%84%EC%96%B4%20%EC%97%94%ED%8A%B8%EB%A6%AC_%EC%96%91_%EB%93%9C%EB%9D%BC%EC%9D%B4
아카나,아카나 인도어 엔트리 닭 습식/파우치,사료,습식/파우치,닭,치킨;현미,74,105,프리미엄,실내용,18,0.8,0.44,,High Protein,캐나다,https://example.com/%EC%95%84%EC%B9%B4%EB%82%98_%EC%9D%B8%EB%8F%84%EC%96%B4%20%EC%97%94%ED%8A%B8%EB%A6%AC_%EB%8B%AD_%EC%8A%B5%EC%8B%9D/%ED%8C%8C%EC%9A%B0%EC%B9%98
아카나,아카나 프리런 치킨 소 습식/파우치,사료,습식/파우치,소,소고기;쌀,78,88,프리미엄,,22,0.52,0.34,,Prescription,캐나다,https://example.com/%EC%95%84%EC%B9%B4%EB%82%98_%ED%94%84%EB%A6%AC%EB%9F%B0%20%EC%B9%98%ED%82%A8_%EC%86%8C_%EC%8A%B5%EC%8B%9D/%ED%8C%8C%EC%9A%B0%EC%B9%98
블루버펄로,블루버펄로 Wilderness 어류 드라이,사료,드라이,어류,연어;참치,10,314,프리미엄,,19,0.59,0.35,,Natural,미국,https://example.com/%EB%B8%94%EB%A3%A8%EB%B2%84%ED%8E%84%EB%A1%9C_Wilderness_%EC%96%B4%EB%A5%98_%EB%93%9C%EB%9D%BC%EC%9D%B4
블루버펄로,블루버펄로 Basics LID 소 드라이,사료,드라이,소,소고기;쌀,10,363,저가,소화 민감성,23,0.99,0.27,,Grain-Free,미국,https://example.com/%EB%B8%94%EB%A3%A8%EB%B2%84%ED%8E%84%EB%A1%9C_Basics%20LID_%EC%86%8C_%EB%93%9C%EB%9D%BC%EC%9D%B4
블루버펄로,블루버펄로 Wilderness 닭 습식/파우치,사료,습식/파우치,닭,치킨;현미,79,94,저가,,22,0.83,0.33,,Indoor,미국,https://example.com/%EB%B8%94%EB%A3%A8%EB%B2%84%ED%8E%84%EB%A1%9C_Wilderness_%EB%8B%AD_%EC%8A%B5%EC%8B%9D/%ED%8C%8C%EC%9A%B0%EC%B9%98
블루버펄로,블루버펄로 Wilderness 오리 드라이,사료,드라이,오리,오리;완두,10,328,저가,,23,0.76,0.31,,Grain-Free,미국,https://example.com/%EB%B8%94%EB%A3%A8%EB%B2%84%ED%8E%84%EB%A1%9C_Wilderness_%EC%98%A4%EB%A6%AC_%EB%93%9C%EB%9D%BC%EC%9D%B4
블루버펄로,블루버펄로 Wilderness 오리 습식/파우치,사료,습식/파우치,오리,오리;완두,78,102,중간,,18,0.62,0.45,,High Protein,미국,https://example.com/%EB%B8%94%EB%A3%A8%EB%B2%84%ED%8E%84%EB%A1%9C_Wilderness_%EC%98%A4%EB%A6%AC_%EC%8A%B5%EC%8B%9D/%ED%8C%8C%EC%9A%B0%EC%B9%98
블루버펄로,블루버펄로 인도어 헬스 닭 습식/파우치,사료,습식/파우치,닭,치킨;현미,82,82,프리미엄,실내용,18,0.53,0.37,,Natural,미국,https://example.com/%EB%B8%94%EB%A3%A8%EB%B2%84%ED%8E%84%EB%A1%9C_%EC%9D%B8%EB%8F%84%EC%96%B4%20%ED%97%AC%EC%8A%A4_%EB%8B%AD_%EC%8A%B5%EC%8B%9D/%ED%8C%8C%EC%9A%B0%EC%B9%98
블루버펄로,블루버펄로 Wilderness 오리 드라이,사료,드라이,오리,오리;완두,10,414,저가,,18,0.6,0.3,,Prescription,미국,https://example.com/%EB%B8%94%EB%A3%A8%EB%B2%84%ED%8E%84%EB%A1%9C_Wilderness_%EC%98%A4%EB%A6%AC_%EB%93%9C%EB%9D%BC%EC%9D%B4
블루버펄로,블루버펄로 Basics LID 소 드라이,사료,드라이,소,소고기;쌀,10,335,프리미엄,소화 민감성,18,0.57,0.36,,Indoor,미국,https://example.com/%EB%B8%94%EB%A3%A8%EB%B2%84%ED%8E%84%EB%A1%9C_Basics%20LID_%EC%86%8C_%EB%93%9C%EB%9D%BC%EC%9D%B4
블루버펄로,블루버펄로 Wilderness 칠면조 습식/파우치,사료,습식/파우치,칠면조,칠면조;감자,80,94,저가,,17,0.88,0.36,,Natural,미국,https://example.com/%EB%B8%94%EB%A3%A8%EB%B2%84%ED%8E%84%EB%A1%9C_Wilderness_%EC%B9%A0%EB%A9%B4%EC%A1%B0_%EC%8A%B5%EC%8B%9D/%ED%8C%8C%EC%9A%B0%EC%B9%98
블루버펄로,블루버펄로 Wilderness 칠면조 드라이,사료,드라이,칠면조,칠면조;감자,10,340,저가,,17,0.75,0.34,,Indoor,미국,https://example.com/%EB%B8%94%EB%A3%A8%EB%B2%84%ED%8E%84%EB%A1%9C_Wilderness_%EC%B9%A0%EB%A9%B4%EC%A1%B0_%EB%93%9C%EB%9D%BC%EC%9D%B4
블루버펄로,블루버펄로 인도어 헬스 어류 드라이,사료,드라이,어류,연어;참치,10,314,중간,실내용,23,0.68,0.41,,Indoor,미국,https://example.com/%EB%B8%94%EB%A3%A8%EB%B2%84%ED%8E%84%EB%A1%9C_%EC%9D%B8%EB%8F%84%EC%96%B4%20%ED%97%AC%EC%8A%A4_%EC%96%B4%EB%A5%98_%EB%93%9C%EB%9D%BC%EC%9D%B4
블루버펄로,블루버펄로 인도어 헬스 닭 습식/파우치,사료,습식/파우치,닭,치킨;현미,76,91,프리미엄,실내용,21,0.69,0.29,,Indoor,미국,https://example.com/%EB%B8%94%EB%A3%A8%EB%B2%84%ED%8E%84%EB%A1%9C_%EC%9D%B8%EB%8F%84%EC%96%B4%20%ED%97%AC%EC%8A%A4_%EB%8B%AD_%EC%8A%B5%EC%8B%9D/%ED%8C%8C%EC%9A%B0%EC%B9%98
블루버펄로,블루버펄로 Wilderness 어류 드라이,사료,드라이,어류,연어;참치,10,374,저가,,21,0.98,0.42,,Natural,미국,https://example.com/%EB%B8%94%EB%A3%A8%EB%B2%84%ED%8E%84%EB%A1%9C_Wilderness_%EC%96%B4%EB%A5%98_%EB%93%9C%EB%9D%BC%EC%9D%B4
블루버펄로,블루버펄로 Wilderness 어류 습식/파우치,사료,습식/파우치,어류,연어;참치,76,92,저가,,16,0.66,0.39,,Prescription,미국,https://example.com/%EB%B8%94%EB%A3%A8%EB%B2%84%ED%8E%84%EB%A1%9C_Wilderness_%EC%96%B4%EB%A5%98_%EC%8A%B5%EC%8B%9D/%ED%8C%8C%EC%9A%B0%EC%B9%98
블루버펄로,블루버펄로 인도어 헬스 칠면조 드라이,사료,드라이,칠면조,칠면조;감자,10,302,저가,실내용,22,0.86,0.3,,Grain-Free,미국,https://example.com/%EB%B8%94%EB%A3%A8%EB%B2%84%ED%8E%84%EB%A1%9C_%EC%9D%B8%EB%8F%84%EC%96%B4%20%ED%97%AC%EC%8A%A4_%EC%B9%A0%EB%A9%B4%EC%A1%B0_%EB%93%9C%EB%9D%BC%EC%9D%B4
블루버펄로,블루버펄로 인도어 헬스 닭 드라이,사료,드라이,닭,치킨;현미,10,396,중간,실내용,24,0.52,0.31,,Natural,미국,https://example.com/%EB%B8%94%EB%A3%A8%EB%B2%84%ED%8E%84%EB%A1%9C_%EC%9D%B8%EB%8F%84%EC%96%B4%20%ED%97%AC%EC%8A%A4_%EB%8B%AD_%EB%93%9C%EB%9D%BC%EC%9D%B4
블루버펄로,블루버펄로 Wilderness 오리 드라이,사료,드라이,오리,오리;완두,10,356,저가,,22,0.58,0.4,,Grain-Free,미국,https://example.com/%EB%B8%94%EB%A3%A8%EB%B2%84%ED%8E%84%EB%A1%9C_Wilderness_%EC%98%A4%EB%A6%AC_%EB%93%9C%EB%9D%BC%EC%9D%B4
블루버펄로,블루버펄로 Wilderness 어류 드라이,사료,드라이,어류,연어;참치,10,413,프리미엄,,23,0.89,0.37,,Prescription,미국,https://example.com/%EB%B8%94%EB%A3%A8%EB%B2%84%ED%8E%84%EB%A1%9C_Wilderness_%EC%96%B4%EB%A5%98_%EB%93%9C%EB%9D%BC%EC%9D%B4
힐스,힐스 c/d 요로케어 소 습식/파우치,사료,습식/파우치,소,소고기;쌀,70,85,저가,요로기계,15,0.99,0.38,,Grain-Free,미국,https://example.com/%ED%9E%90%EC%8A%A4_c/d%20%EC%9A%94%EB%A1%9C%EC%BC%80%EC%96%B4_%EC%86%8C_%EC%8A%B5%EC%8B%9D/%ED%8C%8C%EC%9A%B0%EC%B9%98
힐스,힐스 c/d 요로케어 소 습식/파우치,사료,습식/파우치,소,소고기;쌀,80,103,중간,요로기계,20,0.53,0.3,,Indoor,미국,https://example.com/%ED%9E%90%EC%8A%A4_c/d%20%EC%9A%94%EB%A1%9C%EC%BC%80%EC%96%B4_%EC%86%8C_%EC%8A%B5%EC%8B%9D/%ED%8C%8C%EC%9A%B0%EC%B9%98
힐스,힐스 k/d 신장케어 닭 드라이,사료,드라이,닭,치킨;현미,10,304,저가,신장 케어,18,0.77,0.26,,Grain-Free,미국,https://example.com/%ED%9E%90%EC%8A%A4_k/d%20%EC%8B%A0%EC%9E%A5%EC%BC%80%EC%96%B4_%EB%8B%AD_%EB%93%9C%EB%9D%BC%EC%9D%B4
힐스,힐스 c/d 요로케어 칠면조 습식/파우치,사료,습식/파우치,칠면조,칠면조;감자,78,94,프리미엄,요로기계,20,0.79,0.42,,Natural,미국,https://example.com/%ED%9E%90%EC%8A%A4_c/d%20%EC%9A%94%EB%A1%9C%EC%BC%80%EC%96%B4_%EC%B9%A0%EB%A9%B4%EC%A1%B0_%EC%8A%B5%EC%8B%9D/%ED%8C%8C%EC%9A%B0%EC%B9%98
힐스,힐스 사이언스다이어트 인도어 오리 드라이,사료,드라이,오리,오리;완두,10,338,중간,실내용,25,0.81,0.4,,High Protein,미국,https://example.com/%ED%9E%90%EC%8A%A4_%EC%82%AC%EC%9D%B4%EC%96%B8%EC%8A%A4%EB%8B%A4%EC%9D%B4%EC%96%B4%ED%8A%B8%20%EC%9D%B8%EB%8F%84%EC%96%B4_%EC%98%A4%EB%A6%AC_%EB%93%9C%EB%9D%BC%EC%9D%B4
힐스,힐스 c/d 요로케어 양 드라이,사료,드라이,양,양고기;현미,10,394,중간,요로기계,24,0.72,0.44,,Indoor,미국,https://example.com/%ED%9E%90%EC%8A%A4_c/d%20%EC%9A%94%EB%A1%9C%EC%BC%80%EC%96%B4_%EC%96%91_%EB%93%9C%EB%9D%BC%EC%9D%B4
힐스,힐스 사이언스다이어트 인도어 오리 습식/파우치,사료,습식/파우치,오리,오리;완두,79,109,프리미엄,실내용,25,0.62,0.27,,High Protein,미국,https://example.com/%ED%9E%90%EC%8A%A4_%EC%82%AC%EC%9D%B4%EC%96%B8%EC%8A%A4%EB%8B%A4%EC%9D%B4%EC%96%B4%ED%8A%B8%20%EC%9D%B8%EB%8F%84%EC%96%B4_%EC%98%A4%EB%A6%AC_%EC%8A%B5%EC%8B%9D/%ED%8C%8C%EC%9A%B0%EC%B9%98
힐스,힐스 c/d 요로케어 오리 습식/파우치,사료,습식/파우치,오리,오리;완두,80,99,중간,요로기계,19,0.97,0.31,,Natural,미국,https://example.com/%ED%9E%90%EC%8A%A4_c/d%20%EC%9A%94%EB%A1%9C%EC%BC%80%EC%96%B4_%EC%98%A4%EB%A6%AC_%EC%8A%B5%EC%8B%9D/%ED%8C%8C%EC%9A%B0%EC%B9%98
힐스,힐스 k/d 신장케어 소 드라이,사료,드라이,소,소고기;쌀,10,414,중간,신장 케어,20,0.95,0.42,,Prescription,미국,https://example.com/%ED%9E%90%EC%8A%A4_k/d%20%EC%8B%A0%EC%9E%A5%EC%BC%80%EC%96%B4_%EC%86%8C_%EB%93%9C%EB%9D%BC%EC%9D%B4
힐스,힐스 k/d 신장케어 양 드라이,사료,드라이,양,양고기;현미,10,336,프리미엄,신장 케어,25,0.84,0.32,,Grain-Free,미국,https://example.com/%ED%9E%90%EC%8A%A4_k/d%20%EC%8B%A0%EC%9E%A5%EC%BC%80%EC%96%B4_%EC%96%91_%EB%93%9C%EB%9D%BC%EC%9D%B4
힐스,힐스 c/d 요로케어 오리 드라이,사료,드라이,오리,오리;완두,10,389,중간,요로기계,20,0.97,0.26,,High Protein,미국,https://example.com/%ED%9E%90%EC%8A%A4_c/d%20%EC%9A%94%EB%A1%9C%EC%BC%80%EC%96%B4_%EC%98%A4%EB%A6%AC_%EB%93%9C%EB%9D%BC%EC%9D%B4
힐스,힐스 사이언스다이어트 인도어 칠면조 습식/파우치,사료,습식/파우치,칠면조,칠면조;감자,77,102,저가,실내용,22,0.94,0.39,,Prescription,미국,https://example.com/%ED%9E%90%EC%8A%A4_%EC%82%AC%EC%9D%B4%EC%96%B8%EC%8A%A4%EB%8B%A4%EC%9D%B4%EC%96%B4%ED%8A%B8%20%EC%9D%B8%EB%8F%84%EC%96%B4_%EC%B9%A0%EB%A9%B4%EC%A1%B0_%EC%8A%B5%EC%8B%9D/%ED%8C%8C%EC%9A%B0%EC%B9%98
힐스,힐스 k/d 신장케어 양 드라이,사료,드라이,양,양고기;현미,10,340,저가,신장 케어,25,0.61,0.32,,Natural,미국,https://example.com/%ED%9E%90%EC%8A%A4_k/d%20%EC%8B%A0%EC%9E%A5%EC%BC%80%EC%96%B4_%EC%96%91_%EB%93%9C%EB%9D%BC%EC%9D%B4
힐스,힐스 c/d 요로케어 칠면조 드라이,사료,드라이,칠면조,칠면조;감자,10,369,중간,요로기계,24,0.89,0.32,,Natural,미국,https://example.com/%ED%9E%90%EC%8A%A4_c/d%20%EC%9A%94%EB%A1%9C%EC%BC%80%EC%96%B4_%EC%B9%A0%EB%A9%B4%EC%A1%B0_%EB%93%9C%EB%9D%BC%EC%9D%B4
힐스,힐스 k/d 신장케어 어류 습식/파우치,사료,습식/파우치,어류,연어;참치,76,85,저가,신장 케어,19,0.74,0.35,,High Protein,미국,https://example.com/%ED%9E%90%EC%8A%A4_k/d%20%EC%8B%A0%EC%9E%A5%EC%BC%80%EC%96%B4_%EC%96%B4%EB%A5%98_%EC%8A%B5%EC%8B%9D/%ED%8C%8C%EC%9A%B0%EC%B9%98
힐스,힐스 사이언스다이어트 인도어 양 습식/파우치,사료,습식/파우치,양,양고기;현미,82,110,프리미엄,실내용,19,0.77,0.32,,Natural,미국,https://example.com/%ED%9E%90%EC%8A%A4_%EC%82%AC%EC%9D%B4%EC%96%B8%EC%8A%A4%EB%8B%A4%EC%9D%B4%EC%96%B4%ED%8A%B8%20%EC%9D%B8%EB%8F%84%EC%96%B4_%EC%96%91_%EC%8A%B5%EC%8B%9D/%ED%8C%8C%EC%9A%B0%EC%B9%98
힐스,힐스 c/d 요로케어 양 습식/파우치,사료,습식/파우치,양,양고기;현미,78,102,저가,요로기계,16,0.98,0.43,,Prescription,미국,https://example.com/%ED%9E%90%EC%8A%A4_c/d%20%EC%9A%94%EB%A1%9C%EC%BC%80%EC%96%B4_%EC%96%91_%EC%8A%B5%EC%8B%9D/%ED%8C%8C%EC%9A%B0%EC%B9%98
힐스,힐스 k/d 신장케어 양 습식/파우치,사료,습식/파우치,양,양고기;현미,78,96,저가,신장 케어,16,0.65,0.37,,High Protein,미국,https://example.com/%ED%9E%90%EC%8A%A4_k/d%20%EC%8B%A0%EC%9E%A5%EC%BC%80%EC%96%B4_%EC%96%91_%EC%8A%B5%EC%8B%9D/%ED%8C%8C%EC%9A%B0%EC%B9%98
뉴트로,뉴트로 헬시 웨이트 오리 습식/파우치,사료,습식/파우치,오리,오리;완두,73,93,저가,체중 관리,17,0.71,0.45,,High Protein,미국,https://example.com/%EB%89%B4%ED%8A%B8%EB%A1%9C_%ED%97%AC%EC%8B%9C%20%EC%9B%A8%EC%9D%B4%ED%8A%B8_%EC%98%A4%EB%A6%AC_%EC%8A%B5%EC%8B%9D/%ED%8C%8C%EC%9A%B0%EC%B9%98
뉴트로,뉴트로 그레인프리 살몬 칠면조 습식/파우치,사료,습식/파우치,칠면조,칠면조;감자,79,106,중간,,23,0.94,0.34,,Prescription,미국,https://example.com/%EB%89%B4%ED%8A%B8%EB%A1%9C_%EA%B7%B8%EB%A0%88%EC%9D%B8%ED%94%84%EB%A6%AC%20%EC%82%B4%EB%AA%AC_%EC%B9%A0%EB%A9%B4%EC%A1%B0_%EC%8A%B5%EC%8B%9D/%ED%8C%8C%EC%9A%B0%EC%B9%98
뉴트로,뉴트로 그레인프리 살몬 닭 습식/파우치,사료,습식/파우치,닭,치킨;현미,81,107,프리미엄,,24,0.86,0.42,,Prescription,미국,https://example.com/%EB%89%B4%ED%8A%B8%EB%A1%9C_%EA%B7%B8%EB%A0%88%EC%9D%B8%ED%94%84%EB%A6%AC%20%EC%82%B4%EB%AA%AC_%EB%8B%AD_%EC%8A%B5%EC%8B%9D/%ED%8C%8C%EC%9A%B0%EC%B9%98
뉴트로,뉴트로 그레인프리 살몬 오리 드라이,사료,드라이,오리,오리;완두,10,335,프리미엄,,25,0.96,0.4,,Natural,미국,https://example.com/%EB%89%B4%ED%8A%B8%EB%A1%9C_%EA%B7%B8%EB%A0%88%EC%9D%B8%ED%94%84%EB%A6%AC%20%EC%82%B4%EB%AA%AC_%EC%98%A4%EB%A6%AC_%EB%93%9C%EB%9D%BC%EC%9D%B4
뉴트로,뉴트로 그레인프리 살몬 닭 드라이,사료,드라이,닭,치킨;현미,10,381,중간,,20,0.53,0.4,,Grain-Free,미국,https://example.com/%EB%89%B4%ED%8A%B8%EB%A1%9C_%EA%B7%B8%EB%A0%88%EC%9D%B8%ED%94%84%EB%A6%AC%20%EC%82%B4%EB%AA%AC_%EB%8B%AD_%EB%93%9C%EB%9D%BC%EC%9D%B4
뉴트로,뉴트로 내추럴 초이스 양 습식/파우치,사료,습식/파우치,양,양고기;현미,79,96,저가,,24,0.7,0.29,,High Protein,미국,https://example.com/%EB%89%B4%ED%8A%B8%EB%A1%9C_%EB%82%B4%EC%B6%94%EB%9F%B4%20%EC%B4%88%EC%9D%B4%EC%8A%A4_%EC%96%91_%EC%8A%B5%EC%8B%9D/%ED%8C%8C%EC%9A%B0%EC%B9%98
뉴트로,뉴트로 그레인프리 살몬 닭 습식/파우치,사료,습식/파우치,닭,치킨;현미,77,94,프리미엄,,17,0.52,0.41,,Prescription,미국,https://example.com/%EB%89%B4%ED%8A%B8%EB%A1%9C_%EA%B7%B8%EB%A0%88%EC%9D%B8%ED%94%84%EB%A6%AC%20%EC%82%B4%EB%AA%AC_%EB%8B%AD_%EC%8A%B5%EC%8B%9D/%ED%8C%8C%EC%9A%B0%EC%B9%98
뉴트로,뉴트로 헬시 웨이트 어류 습식/파우치,사료,습식/파우치,어류,연어;참치,80,82,중간,체중 관리,18,0.83,0.43,,Grain-Free,미국,https://example.com/%EB%89%B4%ED%8A%B8%EB%A1%9C_%ED%97%AC%EC%8B%9C%20%EC%9B%A8%EC%9D%B4%ED%8A%B8_%EC%96%B4%EB%A5%98_%EC%8A%B5%EC%8B%9D/%ED%8C%8C%EC%9A%B0%EC%B9%98
뉴트로,뉴트로 그레인프리 살몬 닭 습식/파우치,사료,습식/파우치,닭,치킨;현미,73,97,저가,,18,0.67,0.36,,Indoor,미국,https://example.com/%EB%89%B4%ED%8A%B8%EB%A1%9C_%EA%B7%B8%EB%A0%88%EC%9D%B8%ED%94%84%EB%A6%AC%20%EC%82%B4%EB%AA%AC_%EB%8B%AD_%EC%8A%B5%EC%8B%9D/%ED%8C%8C%EC%9A%B0%EC%B9%98
뉴트로,뉴트로 헬시 웨이트 어류 습식/파우치,사료,습식/파우치,어류,연어;참치,79,97,프리미엄,체중 관리,23,0.58,0.39,,Prescription,미국,https://example.com/%EB%89%B4%ED%8A%B8%EB%A1%9C_%ED%97%AC%EC%8B%9C%20%EC%9B%A8%EC%9D%B4%ED%8A%B8_%EC%96%B4%EB%A5%98_%EC%8A%B5%EC%8B%9D/%ED%8C%8C%EC%9A%B0%EC%B9%98
뉴트로,뉴트로 헬시 웨이트 닭 습식/파우치,사료,습식/파우치,닭,치킨;현미,79,88,프리미엄,체중 관리,17,0.55,0.26,,Grain-Free,미국,https://example.com/%EB%89%B4%ED%8A%B8%EB%A1%9C_%ED%97%AC%EC%8B%9C%20%EC%9B%A8%EC%9D%B4%ED%8A%B8_%EB%8B%AD_%EC%8A%B5%EC%8B%9D/%ED%8C%8C%EC%9A%B0%EC%B9%98
뉴트로,뉴트로 내추럴 초이스 닭 드라이,사료,드라이,닭,치킨;현미,10,352,프리미엄,,22,0.66,0.32,,Natural,미국,https://example.com/%EB%89%B4%ED%8A%B8%EB%A1%9C_%EB%82%B4%EC%B6%94%EB%9F%B4%20%EC%B4%88%EC%9D%B4%EC%8A%A4_%EB%8B%AD_%EB%93%9C%EB%9D%BC%EC%9D%B4
뉴트로,뉴트로 내추럴 초이스 소 습식/파우치,사료,습식/파우치,소,소고기;쌀,78,91,중간,,22,0.85,0.41,,Prescription,미국,https://example.com/%EB%89%B4%ED%8A%B8%EB%A1%9C_%EB%82%B4%EC%B6%94%EB%9F%B4%20%EC%B4%88%EC%9D%B4%EC%8A%A4_%EC%86%8C_%EC%8A%B5%EC%8B%9D/%ED%8C%8C%EC%9A%B0%EC%B9%98
뉴트로,뉴트로 그레인프리 살몬 닭 습식/파우치,사료,습식/파우치,닭,치킨;현미,77,87,프리미엄,,22,0.63,0.26,,Indoor,미국,https://example.com/%EB%89%B4%ED%8A%B8%EB%A1%9C_%EA%B7%B8%EB%A0%88%EC%9D%B8%ED%94%84%EB%A6%AC%20%EC%82%B4%EB%AA%AC_%EB%8B%AD_%EC%8A%B5%EC%8B%9D/%ED%8C%8C%EC%9A%B0%EC%B9%98
뉴트로,뉴트로 헬시 웨이트 칠면조 습식/파우치,사료,습식/파우치,칠면조,칠면조;감자,73,99,중간,체중 관리,21,0.64,0.31,,High Protein,미국,https://example.com/%EB%89%B4%ED%8A%B8%EB%A1%9C_%ED%97%AC%EC%8B%9C%20%EC%9B%A8%EC%9D%B4%ED%8A%B8_%EC%B9%A0%EB%A9%B4%EC%A1%B0_%EC%8A%B5%EC%8B%9D/%ED%8C%8C%EC%9A%B0%EC%B9%98
뉴트로,뉴트로 내추럴 초이스 양 드라이,사료,드라이,양,양고기;현미,10,307,프리미엄,,16,0.55,0.31,,High Protein,미국,https://example.com/%EB%89%B4%ED%8A%B8%EB%A1%9C_%EB%82%B4%EC%B6%94%EB%9F%B4%20%EC%B4%88%EC%9D%B4%EC%8A%A4_%EC%96%91_%EB%93%9C%EB%9D%BC%EC%9D%B4
뉴트로,뉴트로 내추럴 초이스 양 습식/파우치,사료,습식/파우치,양,양고기;현미,81,104,중간,,19,0.75,0.39,,Indoor,미국,https://example.com/%EB%89%B4%ED%8A%B8%EB%A1%9C_%EB%82%B4%EC%B6%94%EB%9F%B4%20%EC%B4%88%EC%9D%B4%EC%8A%A4_%EC%96%91_%EC%8A%B5%EC%8B%9D/%ED%8C%8C%EC%9A%B0%EC%B9%98
뉴트로,뉴트로 내추럴 초이스 양 습식/파우치,사료,습식/파우치,양,양고기;현미,70,106,중간,,20,0.77,0.35,,Prescription,미국,https://example.com/%EB%89%B4%ED%8A%B8%EB%A1%9C_%EB%82%B4%EC%B6%94%EB%9F%B4%20%EC%B4%88%EC%9D%B4%EC%8A%A4_%EC%96%91_%EC%8A%B5%EC%8B%9D/%ED%8C%8C%EC%9A%B0%EC%B9%98
쉬바,쉬바 트릿1 어류 습식/파우치,간식,습식/파우치,어류,연어;참치,75,101,중간,체중 관리,,,,8,Creamy,태국,https://example.com/%EC%89%AC%EB%B0%94_%ED%8A%B8%EB%A6%BF1_%EC%96%B4%EB%A5%98_%EC%8A%B5%EC%8B%9D/%ED%8C%8C%EC%9A%B0%EC%B9%98
쉬바,쉬바 트릿2 닭 습식/파우치,간식,습식/파우치,닭,치킨;현미,75,97,프리미엄,치아 관리,,,,8,Dental,태국,https://example.com/%EC%89%AC%EB%B0%94_%ED%8A%B8%EB%A6%BF2_%EB%8B%AD_%EC%8A%B5%EC%8B%9D/%ED%8C%8C%EC%9A%B0%EC%B9%98
쉬바,쉬바 트릿3 양 습식/파우치,간식,습식/파우치,양,양고기;현미,75,97,프리미엄,체중 관리,,,,7,Pouch,태국,https://example.com/%EC%89%AC%EB%B0%94_%ED%8A%B8%EB%A6%BF3_%EC%96%91_%EC%8A%B5%EC%8B%9D/%ED%8C%8C%EC%9A%B0%EC%B9%98
쉬바,쉬바 트릿4 오리 습식/파우치,간식,습식/파우치,오리,오리;완두,75,104,프리미엄,치아 관리,,,,4,Dental,태국,https://example.com/%EC%89%AC%EB%B0%94_%ED%8A%B8%EB%A6%BF4_%EC%98%A4%EB%A6%AC_%EC%8A%B5%EC%8B%9D/%ED%8C%8C%EC%9A%B0%EC%B9%98
쉬바,쉬바 트릿5 소 습식/파우치,간식,습식/파우치,소,소고기;쌀,75,108,저가,치아 관리,,,,5,Creamy,태국,https://example.com/%EC%89%AC%EB%B0%94_%ED%8A%B8%EB%A6%BF5_%EC%86%8C_%EC%8A%B5%EC%8B%9D/%ED%8C%8C%EC%9A%B0%EC%B9%98
쉬바,쉬바 트릿6 어류 습식/파우치,간식,습식/파우치,어류,연어;참치,75,100,저가,고기함량높음,,,,7,Dental,태국,https://example.com/%EC%89%AC%EB%B0%94_%ED%8A%B8%EB%A6%BF6_%EC%96%B4%EB%A5%98_%EC%8A%B5%EC%8B%9D/%ED%8C%8C%EC%9A%B0%EC%B9%98
쉬바,쉬바 트릿7 오리 습식/파우치,간식,습식/파우치,오리,오리;완두,75,106,프리미엄,치아 관리,,,,6,Creamy,태국,https://example.com/%EC%89%AC%EB%B0%94_%ED%8A%B8%EB%A6%BF7_%EC%98%A4%EB%A6%AC_%EC%8A%B5%EC%8B%9D/%ED%8C%8C%EC%9A%B0%EC%B9%98
쉬바,쉬바 트릿8 소 습식/파우치,간식,습식/파우치,소,소고기;쌀,75,93,저가,고기함량높음,,,,6,Creamy,태국,https://example.com/%EC%89%AC%EB%B0%94_%ED%8A%B8%EB%A6%BF8_%EC%86%8C_%EC%8A%B5%EC%8B%9D/%ED%8C%8C%EC%9A%B0%EC%B9%98
쉬바,쉬바 트릿9 소 습식/파우치,간식,습식/파우치,소,소고기;쌀,75,101,중간,체중 관리,,,,7,Grain-Free,태국,https://example.com/%EC%89%AC%EB%B0%94_%ED%8A%B8%EB%A6%BF9_%EC%86%8C_%EC%8A%B5%EC%8B%9D/%ED%8C%8C%EC%9A%B0%EC%B9%98
쉬바,쉬바 트릿10 어류 습식/파우치,간식,습식/파우치,어류,연어;참치,75,91,저가,고기함량높음,,,,6,Pouch,태국,https://example.com/%EC%89%AC%EB%B0%94_%ED%8A%B8%EB%A6%BF10_%EC%96%B4%EB%A5%98_%EC%8A%B5%EC%8B%9D/%ED%8C%8C%EC%9A%B0%EC%B9%98
씨저,씨저 트릿1 양 습식/파우치,간식,습식/파우치,양,양고기;현미,75,97,프리미엄,치아 관리,,,,3,Grain-Free,태국,https://example.com/%EC%94%A8%EC%A0%80_%ED%8A%B8%EB%A6%BF1_%EC%96%91_%EC%8A%B5%EC%8B%9D/%ED%8C%8C%EC%9A%B0%EC%B9%98
씨저,씨저 트릿2 어류 습식/파우치,간식,습식/파우치,어류,연어;참치,75,101,저가,체중 관리,,,,6,Training,태국,https://example.com/%EC%94%A8%EC%A0%80_%ED%8A%B8%EB%A6%BF2_%EC%96%B4%EB%A5%98_%EC%8A%B5%EC%8B%9D/%ED%8C%8C%EC%9A%B0%EC%B9%98
씨저,씨저 트릿3 어류 습식/파우치,간식,습식/파우치,어류,연어;참치,75,99,중간,고기함량높음,,,,3,Creamy,태국,https://example.com/%EC%94%A8%EC%A0%80_%ED%8A%B8%EB%A6%BF3_%EC%96%B4%EB%A5%98_%EC%8A%B5%EC%8B%9D/%ED%8C%8C%EC%9A%B0%EC%B9%98
씨저,씨저 트릿4 오리 습식/파우치,간식,습식/파우치,오리,오리;완두,75,83,저가,체중 관리,,,,6,Grain-Free,태국,https://example.com/%EC%94%A8%EC%A0%80_%ED%8A%B8%EB%A6%BF4_%EC%98%A4%EB%A6%AC_%EC%8A%B5%EC%8B%9D/%ED%8C%8C%EC%9A%B0%EC%B9%98
씨저,씨저 트릿5 칠면조 습식/파우치,간식,습식/파우치,칠면조,칠면조;감자,75,99,저가,고기함량높음,,,,4,Creamy,태국,https://example.com/%EC%94%A8%EC%A0%80_%ED%8A%B8%EB%A6%BF5_%EC%B9%A0%EB%A9%B4%EC%A1%B0_%EC%8A%B5%EC%8B%9D/%ED%8C%8C%EC%9A%B0%EC%B9%98
씨저,씨저 트릿6 양 습식/파우치,간식,습식/파우치,양,양고기;현미,75,104,중간,체중 관리,,,,7,Pouch,태국,https://example.com/%EC%94%A8%EC%A0%80_%ED%8A%B8%EB%A6%BF6_%EC%96%91_%EC%8A%B5%EC%8B%9D/%ED%8C%8C%EC%9A%B0%EC%B9%98
씨저,씨저 트릿7 양 습식/파우치,간식,습식/파우치,양,양고기;현미,75,86,저가,치아 관리,,,,6,Dental,태국,https://example.com/%EC%94%A8%EC%A0%80_%ED%8A%B8%EB%A6%BF7_%EC%96%91_%EC%8A%B5%EC%8B%9D/%ED%8C%8C%EC%9A%B0%EC%B9%98
씨저,씨저 트릿8 칠면조 습식/파우치,간식,습식/파우치,칠면조,칠면조;감자,75,109,중간,체중 관리,,,,3,Training,태국,https://example.com/%EC%94%A8%EC%A0%80_%ED%8A%B8%EB%A6%BF8_%EC%B9%A0%EB%A9%B4%EC%A1%B0_%EC%8A%B5%EC%8B%9D/%ED%8C%8C%EC%9A%B0%EC%B9%98
씨저,씨저 트릿9 소 습식/파우치,간식,습식/파우치,소,소고기;쌀,75,93,프리미엄,체중 관리,,,,5,Creamy,태국,https://example.com/%EC%94%A8%EC%A0%80_%ED%8A%B8%EB%A6%BF9_%EC%86%8C_%EC%8A%B5%EC%8B%9D/%ED%8C%8C%EC%9A%B0%EC%B9%98
씨저,씨저 트릿10 어류 습식/파우치,간식,습식/파우치,어류,연어;참치,75,89,저가,고기함량높음,,,,5,Grain-Free,태국,https://example.com/%EC%94%A8%EC%A0%80_%ED%8A%B8%EB%A6%BF10_%EC%96%B4%EB%A5%98_%EC%8A%B5%EC%8B%9D/%ED%8C%8C%EC%9A%B0%EC%B9%98
템테이션,템테이션 트릿1 양 드라이,간식,드라이,양,양고기;현미,10,323,저가,고기함량높음,,,,3,Pouch,미국,https://example.com/%ED%85%9C%ED%85%8C%EC%9D%B4%EC%85%98_%ED%8A%B8%EB%A6%BF1_%EC%96%91_%EB%93%9C%EB%9D%BC%EC%9D%B4
템테이션,템테이션 트릿2 소 습식/파우치,간식,습식/파우치,소,소고기;쌀,75,92,중간,치아 관리,,,,5,Pouch,미국,https://example.com/%ED%85%9C%ED%85%8C%EC%9D%B4%EC%85%98_%ED%8A%B8%EB%A6%BF2_%EC%86%8C_%EC%8A%B5%EC%8B%9D/%ED%8C%8C%EC%9A%B0%EC%B9%98
템테이션,템테이션 트릿3 칠면조 습식/파우치,간식,습식/파우치,칠면조,칠면조;감자,75,104,저가,고기함량높음,,,,5,Creamy,미국,https://example.com/%ED%85%9C%ED%85%8C%EC%9D%B4%EC%85%98_%ED%8A%B8%EB%A6%BF3_%EC%B9%A0%EB%A9%B4%EC%A1%B0_%EC%8A%B5%EC%8B%9D/%ED%8C%8C%EC%9A%B0%EC%B9%98
템테이션,템테이션 트릿4 칠면조 드라이,간식,드라이,칠면조,칠면조;감자,10,286,저가,치아 관리,,,,7,Pouch,미국,https://example.com/%ED%85%9C%ED%85%8C%EC%9D%B4%EC%85%98_%ED%8A%B8%EB%A6%BF4_%EC%B9%A0%EB%A9%B4%EC%A1%B0_%EB%93%9C%EB%9D%BC%EC%9D%B4
템테이션,템테이션 트릿5 오리 습식/파우치,간식,습식/파우치,오리,오리;완두,75,85,중간,체중 관리,,,,5,Dental,미국,https://example.com/%ED%85%9C%ED%85%8C%EC%9D%B4%EC%85%98_%ED%8A%B8%EB%A6%BF5_%EC%98%A4%EB%A6%AC_%EC%8A%B5%EC%8B%9D/%ED%8C%8C%EC%9A%B0%EC%B9%98
템테이션,템테이션 트릿6 닭 드라이,간식,드라이,닭,치킨;현미,10,352,중간,체중 관리,,,,8,Pouch,미국,https://example.com/%ED%85%9C%ED%85%8C%EC%9D%B4%EC%85%98_%ED%8A%B8%EB%A6%BF6_%EB%8B%AD_%EB%93%9C%EB%9D%BC%EC%9D%B4
템테이션,템테이션 트릿7 양 습식/파우치,간식,습식/파우치,양,양고기;현미,75,102,프리미엄,치아 관리,,,,7,Grain-Free,미국,https://example.com/%ED%85%9C%ED%85%8C%EC%9D%B4%EC%85%98_%ED%8A%B8%EB%A6%BF7_%EC%96%91_%EC%8A%B5%EC%8B%9D/%ED%8C%8C%EC%9A%B0%EC%B9%98
템테이션,템테이션 트릿8 어류 드라이,간식,드라이,어류,연어;참치,10,297,중간,체중 관리,,,,7,Dental,미국,https://example.com/%ED%85%9C%ED%85%8C%EC%9D%B4%EC%85%98_%ED%8A%B8%EB%A6%BF8_%EC%96%B4%EB%A5%98_%EB%93%9C%EB%9D%BC%EC%9D%B4
템테이션,템테이션 트릿9 닭 드라이,간식,드라이,닭,치킨;현미,10,322,프리미엄,치아 관리,,,,6,Grain-Free,미국,https://example.com/%ED%85%9C%ED%85%8C%EC%9D%B4%EC%85%98_%ED%8A%B8%EB%A6%BF9_%EB%8B%AD_%EB%93%9C%EB%9D%BC%EC%9D%B4
템테이션,템테이션 트릿10 오리 습식/파우치,간식,습식/파우치,오리,오리;완두,75,95,저가,고기함량높음,,,,3,Dental,미국,https://example.com/%ED%85%9C%ED%85%8C%EC%9D%B4%EC%85%98_%ED%8A%B8%EB%A6%BF10_%EC%98%A4%EB%A6%AC_%EC%8A%B5%EC%8B%9D/%ED%8C%8C%EC%9A%B0%EC%B9%98
퓨리나 덴탈라이프,퓨리나 덴탈라이프 트릿1 소 드라이,간식,드라이,소,소고기;쌀,10,351,프리미엄,체중 관리,,,,5,Training,미국,https://example.com/%ED%93%A8%EB%A6%AC%EB%82%98%20%EB%8D%B4%ED%83%88%EB%9D%BC%EC%9D%B4%ED%94%84_%ED%8A%B8%EB%A6%BF1_%EC%86%8C_%EB%93%9C%EB%9D%BC%EC%9D%B4
퓨리나 덴탈라이프,퓨리나 덴탈라이프 트릿2 양 드라이,간식,드라이,양,양고기;현미,10,318,프리미엄,고기함량높음,,,,8,Dental,미국,https://example.com/%ED%93%A8%EB%A6%AC%EB%82%98%20%EB%8D%B4%ED%83%88%EB%9D%BC%EC%9D%B4%ED%94%84_%ED%8A%B8%EB%A6%BF2_%EC%96%91_%EB%93%9C%EB%9D%BC%EC%9D%B4
퓨리나 덴탈라이프,퓨리나 덴탈라이프 트릿3 어류 습식/파우치,간식,습식/파우치,어류,연어;참치,75,91,프리미엄,치아 관리,,,,7,Pouch,미국,https://example.com/%ED%93%A8%EB%A6%AC%EB%82%98%20%EB%8D%B4%ED%83%88%EB%9D%BC%EC%9D%B4%ED%94%84_%ED%8A%B8%EB%A6%BF3_%EC%96%B4%EB%A5%98_%EC%8A%B5%EC%8B%9D/%ED%8C%8C%EC%9A%B0%EC%B9%98
퓨리나 덴탈라이프,퓨리나 덴탈라이프 트릿4 닭 드라이,간식,드라이,닭,치킨;현미,10,282,프리미엄,고기함량높음,,,,6,Pouch,미국,https://example.com/%ED%93%A8%EB%A6%AC%EB%82%98%20%EB%8D%B4%ED%83%88%EB%9D%BC%EC%9D%B4%ED%94%84_%ED%8A%B8%EB%A6%BF4_%EB%8B%AD_%EB%93%9C%EB%9D%BC%EC%9D%B4
퓨리나 덴탈라이프,퓨리나 덴탈라이프 트릿5 닭 드라이,간식,드라이,닭,치킨;현미,10,295,중간,고기함량높음,,,,6,Creamy,미국,https://example.com/%ED%93%A8%EB%A6%AC%EB%82%98%20%EB%8D%B4%ED%83%88%EB%9D%BC%EC%9D%B4%ED%94%84_%ED%8A%B8%EB%A6%BF5_%EB%8B%AD_%EB%93%9C%EB%9D%BC%EC%9D%B4
퓨리나 덴탈라이프,퓨리나 덴탈라이프 트릿6 소 드라이,간식,드라이,소,소고기;쌀,10,299,저가,체중 관리,,,,3,Dental,미국,https://example.com/%ED%93%A8%EB%A6%AC%EB%82%98%20%EB%8D%B4%ED%83%88%EB%9D%BC%EC%9D%B4%ED%94%84_%ED%8A%B8%EB%A6%BF6_%EC%86%8C_%EB%93%9C%EB%9D%BC%EC%9D%B4
퓨리나 덴탈라이프,퓨리나 덴탈라이프 트릿7 닭 드라이,간식,드라이,닭,치킨;현미,10,315,저가,체중 관리,,,,5,Dental,미국,https://example.com/%ED%93%A8%EB%A6%AC%EB%82%98%20%EB%8D%B4%ED%83%88%EB%9D%BC%EC%9D%B4%ED%94%84_%ED%8A%B8%EB%A6%BF7_%EB%8B%AD_%EB%93%9C%EB%9D%BC%EC%9D%B4
퓨리나 덴탈라이프,퓨리나 덴탈라이프 트릿8 오리 드라이,간식,드라이,오리,오리;완두,10,289,저가,고기함량높음,,,,4,Dental,미국,https://example.com/%ED%93%A8%EB%A6%AC%EB%82%98%20%EB%8D%B4%ED%83%88%EB%9D%BC%EC%9D%B4%ED%94%84_%ED%8A%B8%EB%A6%BF8_%EC%98%A4%EB%A6%AC_%EB%93%9C%EB%9D%BC%EC%9D%B4
퓨리나 덴탈라이프,퓨리나 덴탈라이프 트릿9 닭 습식/파우치,간식,습식/파우치,닭,치킨;현미,75,105,프리미엄,체중 관리,,,,6,Training,미국,https://example.com/%ED%93%A8%EB%A6%AC%EB%82%98%20%EB%8D%B4%ED%83%88%EB%9D%BC%EC%9D%B4%ED%94%84_%ED%8A%B8%EB%A6%BF9_%EB%8B%AD_%EC%8A%B5%EC%8B%9D/%ED%8C%8C%EC%9A%B0%EC%B9%98
퓨리나 덴탈라이프,퓨리나 덴탈라이프 트릿10 어류 습식/파우치,간식,습식/파우치,어류,연어;참치,75,98,프리미엄,치아 관리,,,,8,Creamy,미국,https://example.com/%ED%93%A8%EB%A6%AC%EB%82%98%20%EB%8D%B4%ED%83%88%EB%9D%BC%EC%9D%B4%ED%94%84_%ED%8A%B8%EB%A6%BF10_%EC%96%B4%EB%A5%98_%EC%8A%B5%EC%8B%9D/%ED%8C%8C%EC%9A%B0%EC%B9%98
위스카스,위스카스 트릿1 칠면조 습식/파우치,간식,습식/파우치,칠면조,칠면조;감자,75,90,프리미엄,치아 관리,,,,7,Creamy,태국,https://example.com/%EC%9C%84%EC%8A%A4%EC%B9%B4%EC%8A%A4_%ED%8A%B8%EB%A6%BF1_%EC%B9%A0%EB%A9%B4%EC%A1%B0_%EC%8A%B5%EC%8B%9D/%ED%8C%8C%EC%9A%B0%EC%B9%98
위스카스,위스카스 트릿2 소 습식/파우치,간식,습식/파우치,소,소고기;쌀,75,102,중간,체중 관리,,,,5,Grain-Free,태국,https://example.com/%EC%9C%84%EC%8A%A4%EC%B9%B4%EC%8A%A4_%ED%8A%B8%EB%A6%BF2_%EC%86%8C_%EC%8A%B5%EC%8B%9D/%ED%8C%8C%EC%9A%B0%EC%B9%98
위스카스,위스카스 트릿3 소 습식/파우치,간식,습식/파우치,소,소고기;쌀,75,89,저가,치아 관리,,,,6,Pouch,태국,https://example.com/%EC%9C%84%EC%8A%A4%EC%B9%B4%EC%8A%A4_%ED%8A%B8%EB%A6%BF3_%EC%86%8C_%EC%8A%B5%EC%8B%9D/%ED%8C%8C%EC%9A%B0%EC%B9%98
위스카스,위스카스 트릿4 양 습식/파우치,간식,습식/파우치,양,양고기;현미,75,98,프리미엄,고기함량높음,,,,5,Training,태국,https://example.com/%EC%9C%84%EC%8A%A4%EC%B9%B4%EC%8A%A4_%ED%8A%B8%EB%A6%BF4_%EC%96%91_%EC%8A%B5%EC%8B%9D/%ED%8C%8C%EC%9A%B0%EC%B9%98
위스카스,위스카스 트릿5 어류 습식/파우치,간식,습식/파우치,어류,연어;참치,75,101,저가,체중 관리,,,,8,Grain-Free,태국,https://example.com/%EC%9C%84%EC%8A%A4%EC%B9%B4%EC%8A%A4_%ED%8A%B8%EB%A6%BF5_%EC%96%B4%EB%A5%98_%EC%8A%B5%EC%8B%9D/%ED%8C%8C%EC%9A%B0%EC%B9%98
위스카스,위스카스 트릿6 어류 습식/파우치,간식,습식/파우치,어류,연어;참치,75,88,중간,체중 관리,,,,7,Creamy,태국,https://example.com/%EC%9C%84%EC%8A%A4%EC%B9%B4%EC%8A%A4_%ED%8A%B8%EB%A6%BF6_%EC%96%B4%EB%A5%98_%EC%8A%B5%EC%8B%9D/%ED%8C%8C%EC%9A%B0%EC%B9%98
위스카스,위스카스 트릿7 어류 습식/파우치,간식,습식/파우치,어류,연어;참치,75,90,저가,고기함량높음,,,,5,Creamy,태국,https://example.com/%EC%9C%84%EC%8A%A4%EC%B9%B4%EC%8A%A4_%ED%8A%B8%EB%A6%BF7_%EC%96%B4%EB%A5%98_%EC%8A%B5%EC%8B%9D/%ED%8C%8C%EC%9A%B0%EC%B9%98
위스카스,위스카스 트릿8 소 습식/파우치,간식,습식/파우치,소,소고기;쌀,75,98,프리미엄,고기함량높음,,,,3,Training,태국,https://example.com/%EC%9C%84%EC%8A%A4%EC%B9%B4%EC%8A%A4_%ED%8A%B8%EB%A6%BF8_%EC%86%8C_%EC%8A%B5%EC%8B%9D/%ED%8C%8C%EC%9A%B0%EC%B9%98
위스카스,위스카스 트릿9 닭 습식/파우치,간식,습식/파우치,닭,치킨;현미,75,82,저가,체중 관리,,,,8,Dental,태국,https://example.com/%EC%9C%84%EC%8A%A4%EC%B9%B4%EC%8A%A4_%ED%8A%B8%EB%A6%BF9_%EB%8B%AD_%EC%8A%B5%EC%8B%9D/%ED%8C%8C%EC%9A%B0%EC%B9%98
위스카스,위스카스 트릿10 양 습식/파우치,간식,습식/파우치,양,양고기;현미,75,90,저가,체중 관리,,,,5,Grain-Free,태국,https://example.com/%EC%9C%84%EC%8A%A4%EC%B9%B4%EC%8A%A4_%ED%8A%B8%EB%A6%BF10_%EC%96%91_%EC%8A%B5%EC%8B%9D/%ED%8C%8C%EC%9A%B0%EC%B9%98
그레인프리코,그레인프리코 트릿1 칠면조 드라이,간식,드라이,칠면조,칠면조;감자,10,317,중간,치아 관리,,,,3,Creamy,한국,https://example.com/%EA%B7%B8%EB%A0%88%EC%9D%B8%ED%94%84%EB%A6%AC%EC%BD%94_%ED%8A%B8%EB%A6%BF1_%EC%B9%A0%EB%A9%B4%EC%A1%B0_%EB%93%9C%EB%9D%BC%EC%9D%B4
그레인프리코,그레인프리코 트릿2 소 습식/파우치,간식,습식/파우치,소,소고기;쌀,75,110,저가,고기함량높음,,,,4,Creamy,한국,https://example.com/%EA%B7%B8%EB%A0%88%EC%9D%B8%ED%94%84%EB%A6%AC%EC%BD%94_%ED%8A%B8%EB%A6%BF2_%EC%86%8C_%EC%8A%B5%EC%8B%9D/%ED%8C%8C%EC%9A%B0%EC%B9%98
그레인프리코,그레인프리코 트릿3 오리 습식/파우치,간식,습식/파우치,오리,오리;완두,75,90,중간,치아 관리,,,,5,Dental,한국,https://example.com/%EA%B7%B8%EB%A0%88%EC%9D%B8%ED%94%84%EB%A6%AC%EC%BD%94_%ED%8A%B8%EB%A6%BF3_%EC%98%A4%EB%A6%AC_%EC%8A%B5%EC%8B%9D/%ED%8C%8C%EC%9A%B0%EC%B9%98
그레인프리코,그레인프리코 트릿4 양 습식/파우치,간식,습식/파우치,양,양고기;현미,75,110,프리미엄,치아 관리,,,,7,Dental,한국,https://example.com/%EA%B7%B8%EB%A0%88%EC%9D%B8%ED%94%84%EB%A6%AC%EC%BD%94_%ED%8A%B8%EB%A6%BF4_%EC%96%91_%EC%8A%B5%EC%8B%9D/%ED%8C%8C%EC%9A%B0%EC%B9%98
그레인프리코,그레인프리코 트릿5 어류 습식/파우치,간식,습식/파우치,어류,연어;참치,75,80,중간,고기함량높음,,,,7,Creamy,한국,https://example.com/%EA%B7%B8%EB%A0%88%EC%9D%B8%ED%94%84%EB%A6%AC%EC%BD%94_%ED%8A%B8%EB%A6%BF5_%EC%96%B4%EB%A5%98_%EC%8A%B5%EC%8B%9D/%ED%8C%8C%EC%9A%B0%EC%B9%98
그레인프리코,그레인프리코 트릿6 오리 습식/파우치,간식,습식/파우치,오리,오리;완두,75,88,프리미엄,체중 관리,,,,7,Dental,한국,https://example.com/%EA%B7%B8%EB%A0%88%EC%9D%B8%ED%94%84%EB%A6%AC%EC%BD%94_%ED%8A%B8%EB%A6%BF6_%EC%98%A4%EB%A6%AC_%EC%8A%B5%EC%8B%9D/%ED%8C%8C%EC%9A%B0%EC%B9%98
그레인프리코,그레인프리코 트릿7 소 드라이,간식,드라이,소,소고기;쌀,10,327,프리미엄,고기함량높음,,,,3,Grain-Free,한국,https://example.com/%EA%B7%B8%EB%A0%88%EC%9D%B8%ED%94%84%EB%A6%AC%EC%BD%94_%ED%8A%B8%EB%A6%BF7_%EC%86%8C_%EB%93%9C%EB%9D%BC%EC%9D%B4
그레인프리코,그레인프리코 트릿8 오리 습식/파우치,간식,습식/파우치,오리,오리;완두,75,110,저가,체중 관리,,,,3,Grain-Free,한국,https://example.com/%EA%B7%B8%EB%A0%88%EC%9D%B8%ED%94%84%EB%A6%AC%EC%BD%94_%ED%8A%B8%EB%A6%BF8_%EC%98%A4%EB%A6%AC_%EC%8A%B5%EC%8B%9D/%ED%8C%8C%EC%9A%B0%EC%B9%98
그레인프리코,그레인프리코 트릿9 닭 드라이,간식,드라이,닭,치킨;현미,10,305,중간,치아 관리,,,,7,Training,한국,https://example.com/%EA%B7%B8%EB%A0%88%EC%9D%B8%ED%94%84%EB%A6%AC%EC%BD%94_%ED%8A%B8%EB%A6%BF9_%EB%8B%AD_%EB%93%9C%EB%9D%BC%EC%9D%B4
그레인프리코,그레인프리코 트릿10 닭 드라이,간식,드라이,닭,치킨;현미,10,287,저가,고기함량높음,,,,8,Pouch,한국,https://example.com/%EA%B7%B8%EB%A0%88%EC%9D%B8%ED%94%84%EB%A6%AC%EC%BD%94_%ED%8A%B8%EB%A6%BF10_%EB%8B%AD_%EB%93%9C%EB%9D%BC%EC%9D%B4
